<?xml version="1.0" encoding="UTF-8"?>
<osm version="0.6" generator="openstreetmap-cgimap 2.1.0 (244691 spike-07.openstreetmap.org)" copyright="OpenStreetMap and contributors" attribution="http://www.openstreetmap.org/copyright" license="http://opendatacommons.org/licenses/odbl/1-0/">
 <node id="240068029" visible="true" version="8" changeset="69852783" timestamp="2019-05-03T16:52:50Z" user="magma18" uid="4502856" lat="22.5528248" lon="88.2320037">
  <tag k="source" v="Bing"/>
 </node>
 <node id="240068034" visible="true" version="6" changeset="40359056" timestamp="2016-06-29T06:57:02Z" user="Prosen_2s" uid="3954920" lat="22.5524029" lon="88.2432473">
  <tag k="source" v="Bing"/>
 </node>
 <node id="245706884" visible="true" version="7" changeset="32847838" timestamp="2015-07-24T12:07:20Z" user="shashi2" uid="2891142" lat="22.5490661" lon="88.3210462">
  <tag k="source" v="AND"/>
 </node>
 <node id="245706912" visible="true" version="9" changeset="32847838" timestamp="2015-07-24T12:07:20Z" user="shashi2" uid="2891142" lat="22.5504398" lon="88.3243740">
  <tag k="source" v="AND"/>
 </node>
 <node id="245706980" visible="true" version="8" changeset="41241718" timestamp="2016-08-04T16:24:43Z" user="Prosen_2s" uid="3954920" lat="22.5551154" lon="88.3296711">
  <tag k="source" v="AND"/>
 </node>
 <node id="245706990" visible="true" version="8" changeset="41570564" timestamp="2016-08-20T06:14:13Z" user="Prosen_2s" uid="3954920" lat="22.5514695" lon="88.3129507">
  <tag k="source" v="AND"/>
 </node>
 <node id="245706992" visible="true" version="7" changeset="41241718" timestamp="2016-08-04T16:24:42Z" user="Prosen_2s" uid="3954920" lat="22.5521755" lon="88.2818049">
  <tag k="source" v="AND"/>
 </node>
 <node id="245706999" visible="true" version="8" changeset="41570564" timestamp="2016-08-20T06:14:12Z" user="Prosen_2s" uid="3954920" lat="22.5525668" lon="88.3166227">
  <tag k="source" v="AND"/>
 </node>
 <node id="245707067" visible="true" version="7" changeset="32847838" timestamp="2015-07-24T12:07:20Z" user="shashi2" uid="2891142" lat="22.5572042" lon="88.2430689">
  <tag k="source" v="Bing"/>
 </node>
 <node id="245707079" visible="true" version="8" changeset="41570564" timestamp="2016-08-20T06:14:12Z" user="Prosen_2s" uid="3954920" lat="22.5540333" lon="88.3189830">
  <tag k="source" v="AND"/>
 </node>
 <node id="245707082" visible="true" version="7" changeset="41241718" timestamp="2016-08-04T16:24:43Z" user="Prosen_2s" uid="3954920" lat="22.5605823" lon="88.3337380">
  <tag k="source" v="AND"/>
 </node>
 <node id="245707092" visible="true" version="7" changeset="40359056" timestamp="2016-06-29T06:57:01Z" user="Prosen_2s" uid="3954920" lat="22.5578976" lon="88.2444760">
  <tag k="source" v="AND"/>
 </node>
 <node id="245707098" visible="true" version="8" changeset="41570564" timestamp="2016-08-20T06:14:12Z" user="Prosen_2s" uid="3954920" lat="22.5547979" lon="88.2904860">
  <tag k="source" v="AND"/>
 </node>
 <node id="245707105" visible="true" version="7" changeset="41241718" timestamp="2016-08-04T16:24:42Z" user="Prosen_2s" uid="3954920" lat="22.5543423" lon="88.2725499">
  <tag k="source" v="AND"/>
 </node>
 <node id="245707122" visible="true" version="10" changeset="86607359" timestamp="2020-06-13T19:55:34Z" user="AniB88" uid="11290879" lat="22.5560324" lon="88.2805884">
  <tag k="source" v="AND"/>
 </node>
 <node id="245707180" visible="true" version="9" changeset="66052540" timestamp="2019-01-05T17:17:08Z" user="PlaneMad" uid="1306" lat="22.5590629" lon="88.2339155">
  <tag k="source" v="Bing"/>
 </node>
 <node id="245707208" visible="true" version="7" changeset="32847838" timestamp="2015-07-24T12:07:21Z" user="shashi2" uid="2891142" lat="22.5636411" lon="88.2592728">
  <tag k="source" v="AND"/>
 </node>
 <node id="245707214" visible="true" version="7" changeset="32847838" timestamp="2015-07-24T12:07:21Z" user="shashi2" uid="2891142" lat="22.5624125" lon="88.2373860">
  <tag k="source" v="AND"/>
 </node>
 <node id="245707326" visible="true" version="7" changeset="41241718" timestamp="2016-08-04T16:24:43Z" user="Prosen_2s" uid="3954920" lat="22.5649349" lon="88.3387427">
  <tag k="source" v="AND"/>
 </node>
 <node id="245707423" visible="true" version="8" changeset="32847838" timestamp="2015-07-24T12:07:21Z" user="shashi2" uid="2891142" lat="22.5737860" lon="88.3375257">
  <tag k="source" v="AND"/>
 </node>
 <node id="245707718" visible="true" version="7" changeset="43818084" timestamp="2016-11-20T09:54:22Z" user="michael63" uid="462088" lat="22.5948580" lon="88.3522558">
  <tag k="source" v="AND"/>
 </node>
 <node id="245707752" visible="true" version="7" changeset="32847838" timestamp="2015-07-24T12:07:21Z" user="shashi2" uid="2891142" lat="22.5932373" lon="88.3465239">
  <tag k="source" v="AND"/>
 </node>
 <node id="245708184" visible="true" version="9" changeset="93607822" timestamp="2020-11-05T13:58:22Z" user="Paakhi" uid="8451879" lat="22.6080288" lon="88.3671872">
  <tag k="source" v="AND"/>
 </node>
 <node id="245708256" visible="true" version="7" changeset="93605842" timestamp="2020-11-05T13:21:13Z" user="Paakhi" uid="8451879" lat="22.6149094" lon="88.3686697">
  <tag k="source" v="AND"/>
 </node>
 <node id="245708275" visible="true" version="8" changeset="93605842" timestamp="2020-11-05T13:21:13Z" user="Paakhi" uid="8451879" lat="22.6200447" lon="88.3611569">
  <tag k="source" v="AND"/>
 </node>
 <node id="245708311" visible="true" version="8" changeset="88880349" timestamp="2020-08-03T13:48:15Z" user="Paakhi" uid="8451879" lat="22.6251722" lon="88.3603710">
  <tag k="source" v="AND"/>
 </node>
 <node id="245708370" visible="true" version="8" changeset="93605842" timestamp="2020-11-05T13:21:13Z" user="Paakhi" uid="8451879" lat="22.6249073" lon="88.3668029">
  <tag k="source" v="AND"/>
 </node>
 <node id="245708498" visible="true" version="8" changeset="126285824" timestamp="2022-09-17T06:23:06Z" user="swagata_sasmal" uid="15182429" lat="22.6524443" lon="88.3505687">
  <tag k="source" v="AND"/>
 </node>
 <node id="245708537" visible="true" version="6" changeset="32847838" timestamp="2015-07-24T12:07:21Z" user="shashi2" uid="2891142" lat="22.6582810" lon="88.3566519">
  <tag k="source" v="AND"/>
 </node>
 <node id="245708654" visible="true" version="7" changeset="32847838" timestamp="2015-07-24T12:07:21Z" user="shashi2" uid="2891142" lat="22.6774475" lon="88.3543774">
  <tag k="source" v="AND"/>
 </node>
 <node id="245708674" visible="true" version="7" changeset="32847838" timestamp="2015-07-24T12:07:22Z" user="shashi2" uid="2891142" lat="22.6848521" lon="88.3578965">
  <tag k="source" v="AND"/>
 </node>
 <node id="245708741" visible="true" version="7" changeset="32847838" timestamp="2015-07-24T12:07:22Z" user="shashi2" uid="2891142" lat="22.6890095" lon="88.3607289">
  <tag k="source" v="AND"/>
 </node>
 <node id="245708752" visible="true" version="6" changeset="32847838" timestamp="2015-07-24T12:07:22Z" user="shashi2" uid="2891142" lat="22.6899202" lon="88.3667799">
  <tag k="source" v="AND"/>
 </node>
 <node id="245709011" visible="true" version="7" changeset="32847838" timestamp="2015-07-24T12:07:22Z" user="shashi2" uid="2891142" lat="22.7169206" lon="88.3559653">
  <tag k="source" v="AND"/>
 </node>
 <node id="245709034" visible="true" version="6" changeset="32847838" timestamp="2015-07-24T12:07:22Z" user="shashi2" uid="2891142" lat="22.7181082" lon="88.3646771">
  <tag k="source" v="AND"/>
 </node>
 <node id="245709096" visible="true" version="6" changeset="32847838" timestamp="2015-07-24T12:07:22Z" user="shashi2" uid="2891142" lat="22.7245209" lon="88.3620593">
  <tag k="source" v="AND"/>
 </node>
 <node id="245709222" visible="true" version="6" changeset="32847838" timestamp="2015-07-24T12:07:22Z" user="shashi2" uid="2891142" lat="22.7435199" lon="88.3660504">
  <tag k="source" v="AND"/>
 </node>
 <node id="245709244" visible="true" version="7" changeset="32847838" timestamp="2015-07-24T12:07:22Z" user="shashi2" uid="2891142" lat="22.7487837" lon="88.3558365">
  <tag k="source" v="AND"/>
 </node>
 <node id="245709305" visible="true" version="7" changeset="32847838" timestamp="2015-07-24T12:07:22Z" user="shashi2" uid="2891142" lat="22.7530975" lon="88.3519312">
  <tag k="source" v="AND"/>
 </node>
 <node id="245709372" visible="true" version="7" changeset="32847838" timestamp="2015-07-24T12:07:22Z" user="shashi2" uid="2891142" lat="22.7504237" lon="88.3642866">
  <tag k="source" v="AND"/>
 </node>
 <node id="245709440" visible="true" version="6" changeset="32847838" timestamp="2015-07-24T12:07:22Z" user="shashi2" uid="2891142" lat="22.7602606" lon="88.3532616">
  <tag k="source" v="AND"/>
 </node>
 <node id="245709484" visible="true" version="6" changeset="32847838" timestamp="2015-07-24T12:07:22Z" user="shashi2" uid="2891142" lat="22.7643762" lon="88.3457943">
  <tag k="source" v="AND"/>
 </node>
 <node id="245709509" visible="true" version="7" changeset="32847838" timestamp="2015-07-24T12:07:22Z" user="shashi2" uid="2891142" lat="22.7614082" lon="88.3392283">
  <tag k="source" v="AND"/>
 </node>
 <node id="245709532" visible="true" version="7" changeset="32847838" timestamp="2015-07-24T12:07:22Z" user="shashi2" uid="2891142" lat="22.7683653" lon="88.3396693">
  <tag k="source" v="AND"/>
 </node>
 <node id="245709586" visible="true" version="8" changeset="35841364" timestamp="2015-12-09T08:58:53Z" user="jaimemd" uid="404532" lat="22.7736453" lon="88.3310149">
  <tag k="source" v="AND"/>
 </node>
 <node id="245709606" visible="true" version="7" changeset="32847838" timestamp="2015-07-24T12:07:22Z" user="shashi2" uid="2891142" lat="22.7691634" lon="88.3385900">
  <tag k="source" v="AND"/>
 </node>
 <node id="245709625" visible="true" version="7" changeset="32847838" timestamp="2015-07-24T12:07:22Z" user="shashi2" uid="2891142" lat="22.7804020" lon="88.3296582">
  <tag k="source" v="AND"/>
 </node>
 <node id="245709642" visible="true" version="6" changeset="32847838" timestamp="2015-07-24T12:07:22Z" user="shashi2" uid="2891142" lat="22.7858227" lon="88.3421036">
  <tag k="source" v="AND"/>
 </node>
 <node id="245709654" visible="true" version="6" changeset="32847838" timestamp="2015-07-24T12:07:22Z" user="shashi2" uid="2891142" lat="22.7874845" lon="88.3456656">
  <tag k="source" v="AND"/>
 </node>
 <node id="245709668" visible="true" version="7" changeset="32847838" timestamp="2015-07-24T12:07:23Z" user="shashi2" uid="2891142" lat="22.7853875" lon="88.3313319">
  <tag k="source" v="AND"/>
 </node>
 <node id="245709690" visible="true" version="6" changeset="32847838" timestamp="2015-07-24T12:07:23Z" user="shashi2" uid="2891142" lat="22.7927071" lon="88.3530470">
  <tag k="source" v="AND"/>
 </node>
 <node id="245709704" visible="true" version="7" changeset="32847838" timestamp="2015-07-24T12:07:23Z" user="shashi2" uid="2891142" lat="22.7955556" lon="88.3479401">
  <tag k="source" v="AND"/>
 </node>
 <node id="245709753" visible="true" version="7" changeset="32847838" timestamp="2015-07-24T12:07:23Z" user="shashi2" uid="2891142" lat="22.7995664" lon="88.3578096">
  <tag k="source" v="AND"/>
 </node>
 <node id="245709768" visible="true" version="7" changeset="32847838" timestamp="2015-07-24T12:07:23Z" user="shashi2" uid="2891142" lat="22.7999075" lon="88.3509871">
  <tag k="source" v="AND"/>
 </node>
 <node id="245709826" visible="true" version="7" changeset="32847838" timestamp="2015-07-24T12:07:23Z" user="shashi2" uid="2891142" lat="22.8121317" lon="88.3547207">
  <tag k="source" v="AND"/>
 </node>
 <node id="245709879" visible="true" version="6" changeset="32847838" timestamp="2015-07-24T12:07:23Z" user="shashi2" uid="2891142" lat="22.8065538" lon="88.3596131">
  <tag k="source" v="AND"/>
 </node>
 <node id="245709940" visible="true" version="10" changeset="118473498" timestamp="2022-03-14T14:57:36Z" user="VLD257" uid="10979441" lat="22.8217062" lon="88.3545812">
  <tag k="source" v="AND"/>
 </node>
 <node id="245709943" visible="true" version="7" changeset="32847838" timestamp="2015-07-24T12:07:23Z" user="shashi2" uid="2891142" lat="22.8173086" lon="88.3582636">
  <tag k="source" v="AND"/>
 </node>
 <node id="245709963" visible="true" version="7" changeset="32847838" timestamp="2015-07-24T12:07:23Z" user="shashi2" uid="2891142" lat="22.8268392" lon="88.3681246">
  <tag k="source" v="AND"/>
 </node>
 <node id="245709981" visible="true" version="10" changeset="118473498" timestamp="2022-03-14T14:57:36Z" user="VLD257" uid="10979441" lat="22.8285096" lon="88.3588298">
  <tag k="source" v="AND"/>
 </node>
 <node id="245709988" visible="true" version="7" changeset="32847838" timestamp="2015-07-24T12:07:23Z" user="shashi2" uid="2891142" lat="22.8272140" lon="88.3740280">
  <tag k="source" v="AND"/>
 </node>
 <node id="245710016" visible="true" version="7" changeset="32847838" timestamp="2015-07-24T12:07:23Z" user="shashi2" uid="2891142" lat="22.8296155" lon="88.3689257">
  <tag k="source" v="AND"/>
 </node>
 <node id="245710029" visible="true" version="6" changeset="32847838" timestamp="2015-07-24T12:07:23Z" user="shashi2" uid="2891142" lat="22.8322655" lon="88.3793971">
  <tag k="source" v="AND"/>
 </node>
 <node id="245710036" visible="true" version="10" changeset="118473498" timestamp="2022-03-14T14:57:36Z" user="VLD257" uid="10979441" lat="22.8342052" lon="88.3739789">
  <tag k="source" v="AND"/>
 </node>
 <node id="245710082" visible="true" version="6" changeset="32847838" timestamp="2015-07-24T12:07:23Z" user="shashi2" uid="2891142" lat="22.8359834" lon="88.3794400">
  <tag k="source" v="AND"/>
 </node>
 <node id="245710083" visible="true" version="7" changeset="32847838" timestamp="2015-07-24T12:07:23Z" user="shashi2" uid="2891142" lat="22.8389893" lon="88.3744189">
  <tag k="source" v="AND"/>
 </node>
 <node id="245710162" visible="true" version="10" changeset="118473498" timestamp="2022-03-14T14:57:36Z" user="VLD257" uid="10979441" lat="22.8428272" lon="88.3733781">
  <tag k="source" v="AND"/>
 </node>
 <node id="245710219" visible="true" version="7" changeset="32847838" timestamp="2015-07-24T12:07:23Z" user="shashi2" uid="2891142" lat="22.8409022" lon="88.3778954">
  <tag k="source" v="AND"/>
 </node>
 <node id="245710225" visible="true" version="10" changeset="118473498" timestamp="2022-03-14T14:57:36Z" user="VLD257" uid="10979441" lat="22.8491156" lon="88.3697732">
  <tag k="source" v="AND"/>
 </node>
 <node id="245710254" visible="true" version="6" changeset="32847838" timestamp="2015-07-24T12:07:23Z" user="shashi2" uid="2891142" lat="22.8622432" lon="88.3784529">
  <tag k="source" v="AND"/>
 </node>
 <node id="245710276" visible="true" version="7" changeset="32847838" timestamp="2015-07-24T12:07:23Z" user="shashi2" uid="2891142" lat="22.8662370" lon="88.3781096">
  <tag k="source" v="AND"/>
 </node>
 <node id="245710311" visible="true" version="7" changeset="32847838" timestamp="2015-07-24T12:07:24Z" user="shashi2" uid="2891142" lat="22.8686491" lon="88.3821436">
  <tag k="source" v="AND"/>
 </node>
 <node id="245710314" visible="true" version="6" changeset="32847838" timestamp="2015-07-24T12:07:24Z" user="shashi2" uid="2891142" lat="22.8705076" lon="88.3966061">
  <tag k="source" v="AND"/>
 </node>
 <node id="245710318" visible="true" version="6" changeset="32847838" timestamp="2015-07-24T12:07:24Z" user="shashi2" uid="2891142" lat="22.8725242" lon="88.4020993">
  <tag k="source" v="AND"/>
 </node>
 <node id="245710330" visible="true" version="10" changeset="118473498" timestamp="2022-03-14T14:57:36Z" user="VLD257" uid="10979441" lat="22.8759263" lon="88.3915313">
  <tag k="source" v="AND"/>
 </node>
 <node id="245710331" visible="true" version="7" changeset="58413647" timestamp="2018-04-25T16:20:48Z" user="Site Administrator" uid="5300929" lat="22.8757954" lon="88.4066599">
  <tag k="source" v="AND"/>
 </node>
 <node id="245710397" visible="true" version="6" changeset="32847838" timestamp="2015-07-24T12:07:24Z" user="shashi2" uid="2891142" lat="22.8785343" lon="88.4090945">
  <tag k="source" v="AND"/>
 </node>
 <node id="245710624" visible="true" version="4" changeset="32847838" timestamp="2015-07-24T12:07:24Z" user="shashi2" uid="2891142" lat="22.9185026" lon="88.3987519">
  <tag k="source" v="AND"/>
 </node>
 <node id="310997890" visible="true" version="34" changeset="32847838" timestamp="2015-07-24T12:07:24Z" user="shashi2" uid="2891142" lat="22.5640374" lon="88.2416775"/>
 <node id="310997891" visible="true" version="34" changeset="32847838" timestamp="2015-07-24T12:07:24Z" user="shashi2" uid="2891142" lat="22.5647111" lon="88.2472565"/>
 <node id="310997892" visible="true" version="34" changeset="32847838" timestamp="2015-07-24T12:07:24Z" user="shashi2" uid="2891142" lat="22.5646318" lon="88.2532647"/>
 <node id="310997942" visible="true" version="36" changeset="117838727" timestamp="2022-02-25T08:00:38Z" user="VLD260" uid="10979445" lat="22.5556103" lon="88.2322536"/>
 <node id="310997944" visible="true" version="32" changeset="40359056" timestamp="2016-06-29T06:57:01Z" user="Prosen_2s" uid="3954920" lat="22.5589614" lon="88.2495818"/>
 <node id="310997945" visible="true" version="33" changeset="40359056" timestamp="2016-06-29T06:57:02Z" user="Prosen_2s" uid="3954920" lat="22.5561278" lon="88.2424828">
  <tag k="source" v="Bing"/>
 </node>
 <node id="310997946" visible="true" version="34" changeset="40359056" timestamp="2016-06-29T06:57:02Z" user="Prosen_2s" uid="3954920" lat="22.5546015" lon="88.2422834">
  <tag k="source" v="Bing"/>
 </node>
 <node id="313865384" visible="true" version="28" changeset="37227547" timestamp="2016-02-15T15:51:45Z" user="Ortsangabe" uid="3431079" lat="22.5598273" lon="88.2671298"/>
 <node id="313865385" visible="true" version="28" changeset="41570564" timestamp="2016-08-20T06:14:12Z" user="Prosen_2s" uid="3954920" lat="22.5548025" lon="88.2855741"/>
 <node id="313865386" visible="true" version="29" changeset="41570564" timestamp="2016-08-20T06:14:12Z" user="Prosen_2s" uid="3954920" lat="22.5550678" lon="88.2880073"/>
 <node id="313865387" visible="true" version="28" changeset="32847838" timestamp="2015-07-24T12:07:27Z" user="shashi2" uid="2891142" lat="22.5546250" lon="88.2930295"/>
 <node id="313865388" visible="true" version="28" changeset="32847838" timestamp="2015-07-24T12:07:27Z" user="shashi2" uid="2891142" lat="22.5541358" lon="88.2962685"/>
 <node id="313865389" visible="true" version="27" changeset="32847838" timestamp="2015-07-24T12:07:27Z" user="shashi2" uid="2891142" lat="22.5536494" lon="88.2985016"/>
 <node id="313865390" visible="true" version="27" changeset="32847838" timestamp="2015-07-24T12:07:27Z" user="shashi2" uid="2891142" lat="22.5518659" lon="88.3035227"/>
 <node id="313865392" visible="true" version="26" changeset="66052540" timestamp="2019-01-05T17:17:08Z" user="PlaneMad" uid="1306" lat="22.5505456" lon="88.2907796"/>
 <node id="313865393" visible="true" version="26" changeset="40359056" timestamp="2016-06-29T06:57:01Z" user="Prosen_2s" uid="3954920" lat="22.5560942" lon="88.2637883"/>
 <node id="313865399" visible="true" version="26" changeset="32847838" timestamp="2015-07-24T12:07:27Z" user="shashi2" uid="2891142" lat="22.5510388" lon="88.3063864"/>
 <node id="313865400" visible="true" version="24" changeset="32847838" timestamp="2015-07-24T12:07:27Z" user="shashi2" uid="2891142" lat="22.5466784" lon="88.3038466"/>
 <node id="313865401" visible="true" version="24" changeset="32847838" timestamp="2015-07-24T12:07:27Z" user="shashi2" uid="2891142" lat="22.5464906" lon="88.3065911"/>
 <node id="313865606" visible="true" version="24" changeset="41570564" timestamp="2016-08-20T06:14:12Z" user="Prosen_2s" uid="3954920" lat="22.5583466" lon="88.3246900"/>
 <node id="313865607" visible="true" version="22" changeset="32847838" timestamp="2015-07-24T12:07:27Z" user="shashi2" uid="2891142" lat="22.5641518" lon="88.3289715"/>
 <node id="313865608" visible="true" version="23" changeset="41241718" timestamp="2016-08-04T16:24:43Z" user="Prosen_2s" uid="3954920" lat="22.5738249" lon="88.3447150"/>
 <node id="313865609" visible="true" version="20" changeset="32847838" timestamp="2015-07-24T12:07:27Z" user="shashi2" uid="2891142" lat="22.5472286" lon="88.3133933"/>
 <node id="313865625" visible="true" version="21" changeset="32847838" timestamp="2015-07-24T12:07:27Z" user="shashi2" uid="2891142" lat="22.5853127" lon="88.3450648"/>
 <node id="313865626" visible="true" version="21" changeset="32847838" timestamp="2015-07-24T12:07:27Z" user="shashi2" uid="2891142" lat="22.5896713" lon="88.3454939"/>
 <node id="313865627" visible="true" version="20" changeset="93607822" timestamp="2020-11-05T13:58:22Z" user="Paakhi" uid="8451879" lat="22.6043220" lon="88.3641100"/>
 <node id="313865628" visible="true" version="20" changeset="32847838" timestamp="2015-07-24T12:07:27Z" user="shashi2" uid="2891142" lat="22.6010074" lon="88.3598377"/>
 <node id="313865629" visible="true" version="20" changeset="32847838" timestamp="2015-07-24T12:07:27Z" user="shashi2" uid="2891142" lat="22.5974878" lon="88.3546518"/>
 <node id="313865630" visible="true" version="20" changeset="32847838" timestamp="2015-07-24T12:07:27Z" user="shashi2" uid="2891142" lat="22.5823066" lon="88.3481836"/>
 <node id="313865792" visible="true" version="20" changeset="32847838" timestamp="2015-07-24T12:07:27Z" user="shashi2" uid="2891142" lat="22.5983880" lon="88.3490988"/>
 <node id="313865793" visible="true" version="21" changeset="93607822" timestamp="2020-11-05T13:58:22Z" user="Paakhi" uid="8451879" lat="22.6103984" lon="88.3574447"/>
 <node id="313865795" visible="true" version="22" changeset="88880349" timestamp="2020-08-03T13:48:15Z" user="Paakhi" uid="8451879" lat="22.6295444" lon="88.3585873"/>
 <node id="313865796" visible="true" version="21" changeset="176697098" timestamp="2026-01-01T10:01:19Z" user="Sbb1413" uid="10103187" lat="22.6359374" lon="88.3556321"/>
 <node id="313865797" visible="true" version="20" changeset="32847838" timestamp="2015-07-24T12:07:27Z" user="shashi2" uid="2891142" lat="22.6439439" lon="88.3525750"/>
 <node id="313865798" visible="true" version="18" changeset="32847838" timestamp="2015-07-24T12:07:27Z" user="shashi2" uid="2891142" lat="22.6530532" lon="88.3576819"/>
 <node id="313865799" visible="true" version="19" changeset="32902612" timestamp="2015-07-27T07:18:16Z" user="maheshrkm" uid="2897465" lat="22.6441815" lon="88.3598249"/>
 <node id="313865800" visible="true" version="18" changeset="32847838" timestamp="2015-07-24T12:07:27Z" user="shashi2" uid="2891142" lat="22.6381611" lon="88.3622309"/>
 <node id="313865801" visible="true" version="18" changeset="32847838" timestamp="2015-07-24T12:07:27Z" user="shashi2" uid="2891142" lat="22.6350320" lon="88.3630034"/>
 <node id="313865802" visible="true" version="19" changeset="93605842" timestamp="2020-11-05T13:21:13Z" user="Paakhi" uid="8451879" lat="22.6196040" lon="88.3682272"/>
 <node id="313865803" visible="true" version="19" changeset="93607822" timestamp="2020-11-05T13:58:22Z" user="Paakhi" uid="8451879" lat="22.6114779" lon="88.3682620"/>
 <node id="313865871" visible="true" version="21" changeset="32901133" timestamp="2015-07-27T04:40:48Z" user="shashi2" uid="2891142" lat="22.6554818" lon="88.3498158"/>
 <node id="313865872" visible="true" version="19" changeset="32847838" timestamp="2015-07-24T12:07:28Z" user="shashi2" uid="2891142" lat="22.6631520" lon="88.3509442"/>
 <node id="313865873" visible="true" version="19" changeset="32847838" timestamp="2015-07-24T12:07:28Z" user="shashi2" uid="2891142" lat="22.6707554" lon="88.3521029"/>
 <node id="313865874" visible="true" version="19" changeset="32847838" timestamp="2015-07-24T12:07:28Z" user="shashi2" uid="2891142" lat="22.6809716" lon="88.3553645"/>
 <node id="313865875" visible="true" version="18" changeset="32902612" timestamp="2015-07-27T07:18:16Z" user="maheshrkm" uid="2897465" lat="22.6657084" lon="88.3576572"/>
 <node id="313865876" visible="true" version="18" changeset="32902612" timestamp="2015-07-27T07:18:16Z" user="maheshrkm" uid="2897465" lat="22.6623339" lon="88.3567150"/>
 <node id="313865896" visible="true" version="16" changeset="32847838" timestamp="2015-07-24T12:07:28Z" user="shashi2" uid="2891142" lat="22.6718641" lon="88.3611151"/>
 <node id="313866063" visible="true" version="17" changeset="32847838" timestamp="2015-07-24T12:07:28Z" user="shashi2" uid="2891142" lat="22.6915831" lon="88.3612009"/>
 <node id="313866064" visible="true" version="17" changeset="32847838" timestamp="2015-07-24T12:07:28Z" user="shashi2" uid="2891142" lat="22.6949881" lon="88.3608576"/>
 <node id="313866065" visible="true" version="17" changeset="32847838" timestamp="2015-07-24T12:07:28Z" user="shashi2" uid="2891142" lat="22.7062715" lon="88.3583685"/>
 <node id="313866067" visible="true" version="16" changeset="32847838" timestamp="2015-07-24T12:07:28Z" user="shashi2" uid="2891142" lat="22.7037348" lon="88.3658174"/>
 <node id="313866068" visible="true" version="15" changeset="32847838" timestamp="2015-07-24T12:07:28Z" user="shashi2" uid="2891142" lat="22.6818824" lon="88.3659216"/>
 <node id="313866103" visible="true" version="16" changeset="32847838" timestamp="2015-07-24T12:07:28Z" user="shashi2" uid="2891142" lat="22.7093990" lon="88.3578106"/>
 <node id="313866104" visible="true" version="16" changeset="32847838" timestamp="2015-07-24T12:07:28Z" user="shashi2" uid="2891142" lat="22.7219084" lon="88.3557507"/>
 <node id="313866105" visible="true" version="16" changeset="32847838" timestamp="2015-07-24T12:07:28Z" user="shashi2" uid="2891142" lat="22.7253918" lon="88.3559653"/>
 <node id="313866106" visible="true" version="14" changeset="32847838" timestamp="2015-07-24T12:07:28Z" user="shashi2" uid="2891142" lat="22.7079342" lon="88.3650204"/>
 <node id="313866108" visible="true" version="14" changeset="32847838" timestamp="2015-07-24T12:07:28Z" user="shashi2" uid="2891142" lat="22.6966114" lon="88.3660933"/>
 <node id="313866173" visible="true" version="14" changeset="32847838" timestamp="2015-07-24T12:07:28Z" user="shashi2" uid="2891142" lat="22.7322396" lon="88.3577677"/>
 <node id="313866174" visible="true" version="14" changeset="32847838" timestamp="2015-07-24T12:07:28Z" user="shashi2" uid="2891142" lat="22.7376226" lon="88.3583685"/>
 <node id="313866175" visible="true" version="14" changeset="32847838" timestamp="2015-07-24T12:07:28Z" user="shashi2" uid="2891142" lat="22.7385329" lon="88.3576819"/>
 <node id="313866176" visible="true" version="14" changeset="32847838" timestamp="2015-07-24T12:07:28Z" user="shashi2" uid="2891142" lat="22.7420555" lon="88.3566090"/>
 <node id="313866177" visible="true" version="14" changeset="32847838" timestamp="2015-07-24T12:07:28Z" user="shashi2" uid="2891142" lat="22.7456967" lon="88.3560511"/>
 <node id="313866178" visible="true" version="14" changeset="32847838" timestamp="2015-07-24T12:07:28Z" user="shashi2" uid="2891142" lat="22.7505251" lon="88.3548066"/>
 <node id="313866180" visible="true" version="14" changeset="32847838" timestamp="2015-07-24T12:07:28Z" user="shashi2" uid="2891142" lat="22.7665922" lon="88.3351513"/>
 <node id="313866181" visible="true" version="12" changeset="32847838" timestamp="2015-07-24T12:07:28Z" user="shashi2" uid="2891142" lat="22.7581631" lon="88.3569094"/>
 <node id="313866182" visible="true" version="12" changeset="32847838" timestamp="2015-07-24T12:07:28Z" user="shashi2" uid="2891142" lat="22.7555512" lon="88.3599135"/>
 <node id="313866183" visible="true" version="14" changeset="32847838" timestamp="2015-07-24T12:07:28Z" user="shashi2" uid="2891142" lat="22.7470520" lon="88.3656330"/>
 <node id="313866184" visible="true" version="12" changeset="32847838" timestamp="2015-07-24T12:07:28Z" user="shashi2" uid="2891142" lat="22.7379392" lon="88.3651062"/>
 <node id="313866185" visible="true" version="13" changeset="32847838" timestamp="2015-07-24T12:07:28Z" user="shashi2" uid="2891142" lat="22.7337863" lon="88.3635363"/>
 <node id="313866186" visible="true" version="12" changeset="32847838" timestamp="2015-07-24T12:07:28Z" user="shashi2" uid="2891142" lat="22.7330708" lon="88.3628746"/>
 <node id="313866187" visible="true" version="13" changeset="32847838" timestamp="2015-07-24T12:07:28Z" user="shashi2" uid="2891142" lat="22.7308120" lon="88.3619734"/>
 <node id="313866436" visible="true" version="13" changeset="32847838" timestamp="2015-07-24T12:07:28Z" user="shashi2" uid="2891142" lat="22.7773553" lon="88.3299586"/>
 <node id="313866437" visible="true" version="13" changeset="32847838" timestamp="2015-07-24T12:07:29Z" user="shashi2" uid="2891142" lat="22.7904914" lon="88.3375546"/>
 <node id="313866438" visible="true" version="13" changeset="32847838" timestamp="2015-07-24T12:07:29Z" user="shashi2" uid="2891142" lat="22.7929840" lon="88.3435198"/>
 <node id="313866439" visible="true" version="13" changeset="32847838" timestamp="2015-07-24T12:07:29Z" user="shashi2" uid="2891142" lat="22.8060395" lon="88.3531758"/>
 <node id="313866440" visible="true" version="16" changeset="118473498" timestamp="2022-03-14T14:57:36Z" user="VLD257" uid="10979441" lat="22.8242773" lon="88.3550533"/>
 <node id="313866441" visible="true" version="16" changeset="118473498" timestamp="2022-03-14T14:57:36Z" user="VLD257" uid="10979441" lat="22.8257408" lon="88.3558258"/>
 <node id="313866442" visible="true" version="16" changeset="118473498" timestamp="2022-03-14T14:57:36Z" user="VLD257" uid="10979441" lat="22.8271252" lon="88.3568128"/>
 <node id="313866443" visible="true" version="13" changeset="32847838" timestamp="2015-07-24T12:07:29Z" user="shashi2" uid="2891142" lat="22.8298923" lon="88.3631751"/>
 <node id="313866444" visible="true" version="13" changeset="32847838" timestamp="2015-07-24T12:07:29Z" user="shashi2" uid="2891142" lat="22.8294572" lon="88.3660933"/>
 <node id="313866445" visible="true" version="11" changeset="32847838" timestamp="2015-07-24T12:07:29Z" user="shashi2" uid="2891142" lat="22.8103120" lon="88.3593127"/>
 <node id="313866446" visible="true" version="11" changeset="32847838" timestamp="2015-07-24T12:07:29Z" user="shashi2" uid="2891142" lat="22.7958326" lon="88.3557507"/>
 <node id="313866447" visible="true" version="11" changeset="32847838" timestamp="2015-07-24T12:07:29Z" user="shashi2" uid="2891142" lat="22.7853084" lon="88.3385416"/>
 <node id="313866448" visible="true" version="11" changeset="32847838" timestamp="2015-07-24T12:07:29Z" user="shashi2" uid="2891142" lat="22.7845962" lon="88.3367392"/>
 <node id="313866449" visible="true" version="11" changeset="32847838" timestamp="2015-07-24T12:07:29Z" user="shashi2" uid="2891142" lat="22.7836861" lon="88.3355376"/>
 <node id="313866450" visible="true" version="11" changeset="32847838" timestamp="2015-07-24T12:07:29Z" user="shashi2" uid="2891142" lat="22.7820639" lon="88.3344647"/>
 <node id="313866451" visible="true" version="11" changeset="32847838" timestamp="2015-07-24T12:07:29Z" user="shashi2" uid="2891142" lat="22.7792150" lon="88.3334776"/>
 <node id="313866452" visible="true" version="11" changeset="32847838" timestamp="2015-07-24T12:07:29Z" user="shashi2" uid="2891142" lat="22.7750603" lon="88.3342501"/>
 <node id="313866453" visible="true" version="12" changeset="32847838" timestamp="2015-07-24T12:07:29Z" user="shashi2" uid="2891142" lat="22.7718238" lon="88.3360160"/>
 <node id="313866637" visible="true" version="12" changeset="32847838" timestamp="2015-07-24T12:07:29Z" user="shashi2" uid="2891142" lat="22.8304461" lon="88.3709856"/>
 <node id="313866638" visible="true" version="10" changeset="32847838" timestamp="2015-07-24T12:07:29Z" user="shashi2" uid="2891142" lat="22.8301296" lon="88.3784958"/>
 <node id="313866639" visible="true" version="12" changeset="32847838" timestamp="2015-07-24T12:07:29Z" user="shashi2" uid="2891142" lat="22.8287606" lon="88.3771780"/>
 <node id="313866640" visible="true" version="11" changeset="32847838" timestamp="2015-07-24T12:07:29Z" user="shashi2" uid="2891142" lat="22.8279027" lon="88.3758419"/>
 <node id="313866642" visible="true" version="11" changeset="32847838" timestamp="2015-07-24T12:07:29Z" user="shashi2" uid="2891142" lat="22.8266877" lon="88.3732594"/>
 <node id="313866643" visible="true" version="10" changeset="32847838" timestamp="2015-07-24T12:07:29Z" user="shashi2" uid="2891142" lat="22.8263720" lon="88.3718010"/>
 <node id="313866644" visible="true" version="11" changeset="32847838" timestamp="2015-07-24T12:07:29Z" user="shashi2" uid="2891142" lat="22.8272094" lon="88.3658694"/>
 <node id="313866645" visible="true" version="11" changeset="32847838" timestamp="2015-07-24T12:07:29Z" user="shashi2" uid="2891142" lat="22.8268826" lon="88.3632289"/>
 <node id="313866646" visible="true" version="11" changeset="32847838" timestamp="2015-07-24T12:07:29Z" user="shashi2" uid="2891142" lat="22.8257349" lon="88.3609937"/>
 <node id="313866647" visible="true" version="11" changeset="32847838" timestamp="2015-07-24T12:07:29Z" user="shashi2" uid="2891142" lat="22.8238703" lon="88.3592678"/>
 <node id="313866648" visible="true" version="11" changeset="32847838" timestamp="2015-07-24T12:07:29Z" user="shashi2" uid="2891142" lat="22.8226635" lon="88.3585916"/>
 <node id="313866649" visible="true" version="11" changeset="32847838" timestamp="2015-07-24T12:07:29Z" user="shashi2" uid="2891142" lat="22.8211275" lon="88.3580434"/>
 <node id="313866651" visible="true" version="12" changeset="32847838" timestamp="2015-07-24T12:07:29Z" user="shashi2" uid="2891142" lat="22.8195370" lon="88.3576952"/>
 <node id="313866876" visible="true" version="14" changeset="118473498" timestamp="2022-03-14T14:57:36Z" user="VLD257" uid="10979441" lat="22.8362618" lon="88.3744939"/>
 <node id="313866877" visible="true" version="11" changeset="32847838" timestamp="2015-07-24T12:07:29Z" user="shashi2" uid="2891142" lat="22.8408086" lon="88.3739897"/>
 <node id="313866878" visible="true" version="14" changeset="118473498" timestamp="2022-03-14T14:57:36Z" user="VLD257" uid="10979441" lat="22.8457540" lon="88.3714469"/>
 <node id="313866879" visible="true" version="9" changeset="32847838" timestamp="2015-07-24T12:07:29Z" user="shashi2" uid="2891142" lat="22.8384751" lon="88.3787533"/>
 <node id="313866880" visible="true" version="9" changeset="32847838" timestamp="2015-07-24T12:07:29Z" user="shashi2" uid="2891142" lat="22.8341640" lon="88.3796975"/>
 <node id="313866898" visible="true" version="13" changeset="118473498" timestamp="2022-03-14T14:57:36Z" user="VLD257" uid="10979441" lat="22.8525562" lon="88.3695157"/>
 <node id="313866899" visible="true" version="13" changeset="118473498" timestamp="2022-03-14T14:57:36Z" user="VLD257" uid="10979441" lat="22.8538217" lon="88.3700307"/>
 <node id="313866900" visible="true" version="13" changeset="118473498" timestamp="2022-03-14T14:57:36Z" user="VLD257" uid="10979441" lat="22.8593976" lon="88.3712753"/>
 <node id="313866901" visible="true" version="8" changeset="32847838" timestamp="2015-07-24T12:07:29Z" user="shashi2" uid="2891142" lat="22.8469388" lon="88.3737322"/>
 <node id="313866991" visible="true" version="12" changeset="118473498" timestamp="2022-03-14T14:57:36Z" user="VLD257" uid="10979441" lat="22.8559967" lon="88.3702024"/>
 <node id="313866992" visible="true" version="12" changeset="118473498" timestamp="2022-03-14T14:57:36Z" user="VLD257" uid="10979441" lat="22.8615725" lon="88.3729919"/>
 <node id="313866993" visible="true" version="12" changeset="118473498" timestamp="2022-03-14T14:57:36Z" user="VLD257" uid="10979441" lat="22.8717745" lon="88.3850511"/>
 <node id="313866999" visible="true" version="8" changeset="58413647" timestamp="2018-04-25T16:20:48Z" user="Site Administrator" uid="5300929" lat="22.8836938" lon="88.4112249"/>
 <node id="313867000" visible="true" version="7" changeset="32847838" timestamp="2015-07-24T12:07:30Z" user="shashi2" uid="2891142" lat="22.8674629" lon="88.3893534"/>
 <node id="313867001" visible="true" version="7" changeset="32847838" timestamp="2015-07-24T12:07:30Z" user="shashi2" uid="2891142" lat="22.8667745" lon="88.3870032"/>
 <node id="313867002" visible="true" version="7" changeset="32847838" timestamp="2015-07-24T12:07:30Z" user="shashi2" uid="2891142" lat="22.8603055" lon="88.3760497"/>
 <node id="313867003" visible="true" version="8" changeset="32847838" timestamp="2015-07-24T12:07:30Z" user="shashi2" uid="2891142" lat="22.8587714" lon="88.3744615"/>
 <node id="313867004" visible="true" version="7" changeset="32847838" timestamp="2015-07-24T12:07:30Z" user="shashi2" uid="2891142" lat="22.8563905" lon="88.3735606"/>
 <node id="313867005" visible="true" version="7" changeset="32847838" timestamp="2015-07-24T12:07:30Z" user="shashi2" uid="2891142" lat="22.8547691" lon="88.3731314"/>
 <node id="313867006" visible="true" version="7" changeset="32847838" timestamp="2015-07-24T12:07:30Z" user="shashi2" uid="2891142" lat="22.8511704" lon="88.3728739"/>
 <node id="313867023" visible="true" version="11" changeset="118473498" timestamp="2022-03-14T14:57:36Z" user="VLD257" uid="10979441" lat="22.9090963" lon="88.4007152"/>
 <node id="313867024" visible="true" version="9" changeset="118549888" timestamp="2022-03-16T12:25:53Z" user="VLD149" uid="10979429" lat="22.9124917" lon="88.3994170"/>
 <node id="313867025" visible="true" version="9" changeset="37273841" timestamp="2016-02-17T19:17:11Z" user="Ortsangabe" uid="3431079" lat="22.9145879" lon="88.3992789"/>
 <node id="313867032" visible="true" version="7" changeset="32847838" timestamp="2015-07-24T12:07:30Z" user="shashi2" uid="2891142" lat="22.9176725" lon="88.4036442"/>
 <node id="663941533" visible="true" version="5" changeset="142852325" timestamp="2023-10-20T06:36:47Z" user="syedk" uid="19820024" lat="22.5592091" lon="88.3253126"/>
 <node id="663942256" visible="true" version="8" changeset="86261310" timestamp="2020-06-05T20:28:51Z" user="AniB88" uid="11290879" lat="22.5554582" lon="88.2828425"/>
 <node id="663942431" visible="true" version="5" changeset="32847838" timestamp="2015-07-24T12:07:35Z" user="shashi2" uid="2891142" lat="22.5528756" lon="88.3003958"/>
 <node id="664453788" visible="true" version="3" changeset="32847838" timestamp="2015-07-24T12:07:35Z" user="shashi2" uid="2891142" lat="22.5782782" lon="88.3417113"/>
 <node id="664453789" visible="true" version="3" changeset="32847838" timestamp="2015-07-24T12:07:35Z" user="shashi2" uid="2891142" lat="22.5806855" lon="88.3431061"/>
 <node id="664453790" visible="true" version="4" changeset="32847838" timestamp="2015-07-24T12:07:35Z" user="shashi2" uid="2891142" lat="22.5834485" lon="88.3440705"/>
 <node id="1017919573" visible="true" version="5" changeset="41241718" timestamp="2016-08-04T16:24:42Z" user="Prosen_2s" uid="3954920" lat="22.5495610" lon="88.2956810"/>
 <node id="1017919608" visible="true" version="3" changeset="32847838" timestamp="2015-07-24T12:07:03Z" user="shashi2" uid="2891142" lat="22.5488197" lon="88.2972058"/>
 <node id="1074604572" visible="true" version="4" changeset="41570564" timestamp="2016-08-20T06:14:12Z" user="Prosen_2s" uid="3954920" lat="22.5573013" lon="88.3236211"/>
 <node id="1074604593" visible="true" version="4" changeset="41241718" timestamp="2016-08-04T16:24:42Z" user="Prosen_2s" uid="3954920" lat="22.5510884" lon="88.3253306"/>
 <node id="1074604596" visible="true" version="4" changeset="41241718" timestamp="2016-08-04T16:24:43Z" user="Prosen_2s" uid="3954920" lat="22.5618605" lon="88.3357556"/>
 <node id="1074604671" visible="true" version="4" changeset="41241718" timestamp="2016-08-04T16:24:42Z" user="Prosen_2s" uid="3954920" lat="22.5526485" lon="88.3273303"/>
 <node id="1074604689" visible="true" version="4" changeset="41241718" timestamp="2016-08-04T16:24:43Z" user="Prosen_2s" uid="3954920" lat="22.5609755" lon="88.3342992"/>
 <node id="1147870676" visible="true" version="3" changeset="32847838" timestamp="2015-07-24T12:07:03Z" user="shashi2" uid="2891142" lat="22.6002167" lon="88.3583421"/>
 <node id="1147870678" visible="true" version="3" changeset="32847838" timestamp="2015-07-24T12:07:03Z" user="shashi2" uid="2891142" lat="22.5995719" lon="88.3571973"/>
 <node id="1147870680" visible="true" version="3" changeset="32847838" timestamp="2015-07-24T12:07:03Z" user="shashi2" uid="2891142" lat="22.5962493" lon="88.3533001"/>
 <node id="1174795934" visible="true" version="3" changeset="32847838" timestamp="2015-07-24T12:07:03Z" user="shashi2" uid="2891142" lat="22.5929619" lon="88.3514666"/>
 <node id="1174795950" visible="true" version="4" changeset="43818084" timestamp="2016-11-20T09:54:22Z" user="michael63" uid="462088" lat="22.5932217" lon="88.3516152"/>
 <node id="1174795978" visible="true" version="3" changeset="32847838" timestamp="2015-07-24T12:07:03Z" user="shashi2" uid="2891142" lat="22.5918574" lon="88.3512054"/>
 <node id="1174796010" visible="true" version="3" changeset="32847838" timestamp="2015-07-24T12:07:03Z" user="shashi2" uid="2891142" lat="22.5830694" lon="88.3482485"/>
 <node id="1174832660" visible="true" version="2" changeset="171155048" timestamp="2025-08-28T20:55:11Z" user="PRACHAL28" uid="23235767" lat="22.5802802" lon="88.3473775"/>
 <node id="1174832688" visible="true" version="2" changeset="171155048" timestamp="2025-08-28T20:55:11Z" user="PRACHAL28" uid="23235767" lat="22.5803454" lon="88.3474034"/>
 <node id="1174833054" visible="true" version="2" changeset="171155048" timestamp="2025-08-28T20:55:11Z" user="PRACHAL28" uid="23235767" lat="22.5830959" lon="88.3482574"/>
 <node id="1177160581" visible="true" version="4" changeset="41241718" timestamp="2016-08-04T16:24:43Z" user="Prosen_2s" uid="3954920" lat="22.5726011" lon="88.3441752"/>
 <node id="1177161108" visible="true" version="2" changeset="171155048" timestamp="2025-08-28T20:55:11Z" user="PRACHAL28" uid="23235767" lat="22.5705754" lon="88.3428952"/>
 <node id="1177161277" visible="true" version="2" changeset="171155048" timestamp="2025-08-28T20:55:11Z" user="PRACHAL28" uid="23235767" lat="22.5724635" lon="88.3440906"/>
 <node id="1177161717" visible="true" version="2" changeset="171155048" timestamp="2025-08-28T20:55:11Z" user="PRACHAL28" uid="23235767" lat="22.5706109" lon="88.3428483"/>
 <node id="1177499579" visible="true" version="3" changeset="32847838" timestamp="2015-07-24T12:07:03Z" user="shashi2" uid="2891142" lat="22.5978167" lon="88.3548878"/>
 <node id="1182599390" visible="true" version="5" changeset="117838727" timestamp="2022-02-25T08:00:38Z" user="VLD260" uid="10979445" lat="22.5585089" lon="88.2329858">
  <tag k="source" v="Bing"/>
 </node>
 <node id="1182599391" visible="true" version="3" changeset="32847838" timestamp="2015-07-24T12:07:04Z" user="shashi2" uid="2891142" lat="22.5612220" lon="88.2356977">
  <tag k="source" v="Bing"/>
 </node>
 <node id="1182599396" visible="true" version="3" changeset="32847838" timestamp="2015-07-24T12:07:04Z" user="shashi2" uid="2891142" lat="22.5634533" lon="88.2394580">
  <tag k="source" v="Bing"/>
 </node>
 <node id="1208567385" visible="true" version="3" changeset="96406260" timestamp="2020-12-25T01:10:52Z" user="Arlo James Barnes" uid="682928" lat="22.6039481" lon="88.3636969">
  <tag k="amenity" v="ferry_terminal"/>
  <tag k="ferry" v="yes"/>
  <tag k="name" v="Batala Ghat"/>
  <tag k="public_transport" v="station"/>
 </node>
 <node id="1309394328" visible="true" version="5" changeset="93607822" timestamp="2020-11-05T13:58:22Z" user="Paakhi" uid="8451879" lat="22.6082367" lon="88.3673313"/>
 <node id="1313195016" visible="true" version="4" changeset="93607822" timestamp="2020-11-05T13:58:22Z" user="Paakhi" uid="8451879" lat="22.6096853" lon="88.3677953"/>
 <node id="1313195074" visible="true" version="4" changeset="93607822" timestamp="2020-11-05T13:58:22Z" user="Paakhi" uid="8451879" lat="22.6087023" lon="88.3675137"/>
 <node id="1313195116" visible="true" version="4" changeset="93607822" timestamp="2020-11-05T13:58:22Z" user="Paakhi" uid="8451879" lat="22.6099662" lon="88.3678895"/>
 <node id="1317536802" visible="true" version="4" changeset="93605842" timestamp="2020-11-05T13:21:13Z" user="Paakhi" uid="8451879" lat="22.6239349" lon="88.3671811"/>
 <node id="1317536845" visible="true" version="4" changeset="93605842" timestamp="2020-11-05T13:21:13Z" user="Paakhi" uid="8451879" lat="22.6251846" lon="88.3667171"/>
 <node id="1317536910" visible="true" version="5" changeset="93605842" timestamp="2020-11-05T13:21:13Z" user="Paakhi" uid="8451879" lat="22.6254742" lon="88.3666125"/>
 <node id="1317536919" visible="true" version="4" changeset="88880349" timestamp="2020-08-03T13:48:15Z" user="Paakhi" uid="8451879" lat="22.6292993" lon="88.3649656"/>
 <node id="1317536970" visible="true" version="4" changeset="88880349" timestamp="2020-08-03T13:48:15Z" user="Paakhi" uid="8451879" lat="22.6261080" lon="88.3663711"/>
 <node id="1317536974" visible="true" version="5" changeset="93605842" timestamp="2020-11-05T13:21:13Z" user="Paakhi" uid="8451879" lat="22.6256946" lon="88.3665240"/>
 <node id="1317537004" visible="true" version="4" changeset="88880349" timestamp="2020-08-03T13:48:15Z" user="Paakhi" uid="8451879" lat="22.6305866" lon="88.3646706"/>
 <node id="1317537096" visible="true" version="4" changeset="88880349" timestamp="2020-08-03T13:48:15Z" user="Paakhi" uid="8451879" lat="22.6289056" lon="88.3652070"/>
 <node id="1317537172" visible="true" version="4" changeset="88880349" timestamp="2020-08-03T13:48:15Z" user="Paakhi" uid="8451879" lat="22.6266973" lon="88.3661485"/>
 <node id="1374140860" visible="true" version="5" changeset="41241718" timestamp="2016-08-04T16:24:42Z" user="Prosen_2s" uid="3954920" lat="22.5508171" lon="88.3249503"/>
 <node id="1376930519" visible="true" version="4" changeset="41241718" timestamp="2016-08-04T16:24:42Z" user="Prosen_2s" uid="3954920" lat="22.5505959" lon="88.3246659"/>
 <node id="1378352253" visible="true" version="3" changeset="32847838" timestamp="2015-07-24T12:07:04Z" user="shashi2" uid="2891142" lat="22.5498248" lon="88.3229289"/>
 <node id="1378352257" visible="true" version="3" changeset="32847838" timestamp="2015-07-24T12:07:04Z" user="shashi2" uid="2891142" lat="22.5483743" lon="88.3183820"/>
 <node id="1378352258" visible="true" version="3" changeset="32847838" timestamp="2015-07-24T12:07:04Z" user="shashi2" uid="2891142" lat="22.5485477" lon="88.3190139"/>
 <node id="1378352264" visible="true" version="4" changeset="41241718" timestamp="2016-08-04T16:24:43Z" user="Prosen_2s" uid="3954920" lat="22.5495851" lon="88.3225287"/>
 <node id="1378352265" visible="true" version="3" changeset="32847838" timestamp="2015-07-24T12:07:05Z" user="shashi2" uid="2891142" lat="22.5487401" lon="88.3202221"/>
 <node id="1378352266" visible="true" version="3" changeset="32847838" timestamp="2015-07-24T12:07:05Z" user="shashi2" uid="2891142" lat="22.5484076" lon="88.3206898"/>
 <node id="1378352268" visible="true" version="3" changeset="32847838" timestamp="2015-07-24T12:07:05Z" user="shashi2" uid="2891142" lat="22.5484820" lon="88.3201233"/>
 <node id="1378352269" visible="true" version="3" changeset="32847838" timestamp="2015-07-24T12:07:05Z" user="shashi2" uid="2891142" lat="22.5493111" lon="88.3220806"/>
 <node id="1378352271" visible="true" version="3" changeset="32847838" timestamp="2015-07-24T12:07:05Z" user="shashi2" uid="2891142" lat="22.5487214" lon="88.3201374"/>
 <node id="1378352273" visible="true" version="4" changeset="41241718" timestamp="2016-08-04T16:24:42Z" user="Prosen_2s" uid="3954920" lat="22.5494168" lon="88.3222302"/>
 <node id="1378352274" visible="true" version="4" changeset="41241718" timestamp="2016-08-04T16:24:42Z" user="Prosen_2s" uid="3954920" lat="22.5502041" lon="88.3239618"/>
 <node id="1378352275" visible="true" version="4" changeset="41241718" timestamp="2016-08-04T16:24:43Z" user="Prosen_2s" uid="3954920" lat="22.5500369" lon="88.3235252"/>
 <node id="1378352276" visible="true" version="3" changeset="32847838" timestamp="2015-07-24T12:07:05Z" user="shashi2" uid="2891142" lat="22.5486307" lon="88.3201323"/>
 <node id="1378352277" visible="true" version="4" changeset="41241718" timestamp="2016-08-04T16:24:43Z" user="Prosen_2s" uid="3954920" lat="22.5496406" lon="88.3226381"/>
 <node id="1378352278" visible="true" version="3" changeset="32847838" timestamp="2015-07-24T12:07:05Z" user="shashi2" uid="2891142" lat="22.5493571" lon="88.3215713"/>
 <node id="1378352279" visible="true" version="4" changeset="41241718" timestamp="2016-08-04T16:24:42Z" user="Prosen_2s" uid="3954920" lat="22.5501138" lon="88.3237549"/>
 <node id="1378352280" visible="true" version="4" changeset="41241718" timestamp="2016-08-04T16:24:42Z" user="Prosen_2s" uid="3954920" lat="22.5497219" lon="88.3223788"/>
 <node id="1378352281" visible="true" version="3" changeset="32847838" timestamp="2015-07-24T12:07:05Z" user="shashi2" uid="2891142" lat="22.5491387" lon="88.3214295"/>
 <node id="1378352282" visible="true" version="3" changeset="32847838" timestamp="2015-07-24T12:07:05Z" user="shashi2" uid="2891142" lat="22.5484564" lon="88.3204623"/>
 <node id="1378352283" visible="true" version="4" changeset="41241718" timestamp="2016-08-04T16:24:42Z" user="Prosen_2s" uid="3954920" lat="22.5493228" lon="88.3219614"/>
 <node id="1378352284" visible="true" version="4" changeset="41241718" timestamp="2016-08-04T16:24:43Z" user="Prosen_2s" uid="3954920" lat="22.5502519" lon="88.3234478"/>
 <node id="1378352285" visible="true" version="3" changeset="32847838" timestamp="2015-07-24T12:07:05Z" user="shashi2" uid="2891142" lat="22.5492852" lon="88.3219409"/>
 <node id="1378352286" visible="true" version="4" changeset="41241718" timestamp="2016-08-04T16:24:43Z" user="Prosen_2s" uid="3954920" lat="22.5500641" lon="88.3234248"/>
 <node id="1378352287" visible="true" version="4" changeset="41241718" timestamp="2016-08-04T16:24:42Z" user="Prosen_2s" uid="3954920" lat="22.5497594" lon="88.3224629"/>
 <node id="1378352288" visible="true" version="3" changeset="32847838" timestamp="2015-07-24T12:07:05Z" user="shashi2" uid="2891142" lat="22.5484556" lon="88.3206078"/>
 <node id="1378352289" visible="true" version="3" changeset="32847838" timestamp="2015-07-24T12:07:05Z" user="shashi2" uid="2891142" lat="22.5485262" lon="88.3188785"/>
 <node id="1378352291" visible="true" version="4" changeset="41241718" timestamp="2016-08-04T16:24:43Z" user="Prosen_2s" uid="3954920" lat="22.5502263" lon="88.3233690"/>
 <node id="1378352292" visible="true" version="3" changeset="32847838" timestamp="2015-07-24T12:07:05Z" user="shashi2" uid="2891142" lat="22.5490290" lon="88.3212938"/>
 <node id="1378352295" visible="true" version="4" changeset="41241718" timestamp="2016-08-04T16:24:42Z" user="Prosen_2s" uid="3954920" lat="22.5502385" lon="88.3239695"/>
 <node id="1378352296" visible="true" version="3" changeset="32847838" timestamp="2015-07-24T12:07:05Z" user="shashi2" uid="2891142" lat="22.5484737" lon="88.3198167"/>
 <node id="1378352297" visible="true" version="3" changeset="32847838" timestamp="2015-07-24T12:07:05Z" user="shashi2" uid="2891142" lat="22.5494381" lon="88.3215474"/>
 <node id="1378352301" visible="true" version="3" changeset="32847838" timestamp="2015-07-24T12:07:05Z" user="shashi2" uid="2891142" lat="22.5494019" lon="88.3214181"/>
 <node id="1378352302" visible="true" version="3" changeset="32847838" timestamp="2015-07-24T12:07:05Z" user="shashi2" uid="2891142" lat="22.5484356" lon="88.3192801"/>
 <node id="1378352303" visible="true" version="3" changeset="32847838" timestamp="2015-07-24T12:07:05Z" user="shashi2" uid="2891142" lat="22.5493193" lon="88.3213033"/>
 <node id="1378352308" visible="true" version="3" changeset="32847838" timestamp="2015-07-24T12:07:05Z" user="shashi2" uid="2891142" lat="22.5484102" lon="88.3198851"/>
 <node id="1378352309" visible="true" version="3" changeset="32847838" timestamp="2015-07-24T12:07:06Z" user="shashi2" uid="2891142" lat="22.5484062" lon="88.3194682"/>
 <node id="1378352310" visible="true" version="3" changeset="32847838" timestamp="2015-07-24T12:07:06Z" user="shashi2" uid="2891142" lat="22.5486572" lon="88.3203172"/>
 <node id="1378352311" visible="true" version="4" changeset="41241718" timestamp="2016-08-04T16:24:42Z" user="Prosen_2s" uid="3954920" lat="22.5496897" lon="88.3224679"/>
 <node id="1378352312" visible="true" version="3" changeset="32847838" timestamp="2015-07-24T12:07:06Z" user="shashi2" uid="2891142" lat="22.5492675" lon="88.3215874"/>
 <node id="1378352313" visible="true" version="3" changeset="32847838" timestamp="2015-07-24T12:07:06Z" user="shashi2" uid="2891142" lat="22.5486965" lon="88.3200915"/>
 <node id="1378352314" visible="true" version="4" changeset="41241718" timestamp="2016-08-04T16:24:43Z" user="Prosen_2s" uid="3954920" lat="22.5499675" lon="88.3231107"/>
 <node id="1378352315" visible="true" version="3" changeset="32847838" timestamp="2015-07-24T12:07:06Z" user="shashi2" uid="2891142" lat="22.5485244" lon="88.3192356"/>
 <node id="1378352320" visible="true" version="3" changeset="32847838" timestamp="2015-07-24T12:07:06Z" user="shashi2" uid="2891142" lat="22.5484547" lon="88.3184474"/>
 <node id="1378352322" visible="true" version="3" changeset="32847838" timestamp="2015-07-24T12:07:06Z" user="shashi2" uid="2891142" lat="22.5493036" lon="88.3214149"/>
 <node id="1378352323" visible="true" version="4" changeset="41241718" timestamp="2016-08-04T16:24:42Z" user="Prosen_2s" uid="3954920" lat="22.5495754" lon="88.3224409"/>
 <node id="1378352327" visible="true" version="3" changeset="32847838" timestamp="2015-07-24T12:07:06Z" user="shashi2" uid="2891142" lat="22.5492612" lon="88.3217739"/>
 <node id="1378352328" visible="true" version="4" changeset="41241718" timestamp="2016-08-04T16:24:42Z" user="Prosen_2s" uid="3954920" lat="22.5494845" lon="88.3222711"/>
 <node id="1378362033" visible="true" version="3" changeset="32847838" timestamp="2015-07-24T12:07:06Z" user="shashi2" uid="2891142" lat="22.5481642" lon="88.3174817"/>
 <node id="1378362041" visible="true" version="3" changeset="32847838" timestamp="2015-07-24T12:07:06Z" user="shashi2" uid="2891142" lat="22.5484442" lon="88.3179310"/>
 <node id="1378362052" visible="true" version="3" changeset="32847838" timestamp="2015-07-24T12:07:06Z" user="shashi2" uid="2891142" lat="22.5477001" lon="88.3182388"/>
 <node id="1378362069" visible="true" version="3" changeset="32847838" timestamp="2015-07-24T12:07:06Z" user="shashi2" uid="2891142" lat="22.5485083" lon="88.3181834"/>
 <node id="1378362091" visible="true" version="3" changeset="32847838" timestamp="2015-07-24T12:07:07Z" user="shashi2" uid="2891142" lat="22.5477160" lon="88.3178218"/>
 <node id="1378362094" visible="true" version="3" changeset="32847838" timestamp="2015-07-24T12:07:07Z" user="shashi2" uid="2891142" lat="22.5482730" lon="88.3177281"/>
 <node id="1378362095" visible="true" version="3" changeset="32847838" timestamp="2015-07-24T12:07:07Z" user="shashi2" uid="2891142" lat="22.5483116" lon="88.3183442"/>
 <node id="1378362097" visible="true" version="3" changeset="32847838" timestamp="2015-07-24T12:07:07Z" user="shashi2" uid="2891142" lat="22.5484821" lon="88.3179975"/>
 <node id="1378362138" visible="true" version="3" changeset="32847838" timestamp="2015-07-24T12:07:08Z" user="shashi2" uid="2891142" lat="22.5478077" lon="88.3165024"/>
 <node id="1378362140" visible="true" version="3" changeset="32847838" timestamp="2015-07-24T12:07:08Z" user="shashi2" uid="2891142" lat="22.5476278" lon="88.3183147"/>
 <node id="1378362179" visible="true" version="3" changeset="32847838" timestamp="2015-07-24T12:07:08Z" user="shashi2" uid="2891142" lat="22.5476357" lon="88.3184119"/>
 <node id="1378362221" visible="true" version="3" changeset="32847838" timestamp="2015-07-24T12:07:08Z" user="shashi2" uid="2891142" lat="22.5481953" lon="88.3178638"/>
 <node id="1378362222" visible="true" version="3" changeset="32847838" timestamp="2015-07-24T12:07:08Z" user="shashi2" uid="2891142" lat="22.5480266" lon="88.3180210"/>
 <node id="1378362226" visible="true" version="3" changeset="32847838" timestamp="2015-07-24T12:07:09Z" user="shashi2" uid="2891142" lat="22.5480538" lon="88.3179571"/>
 <node id="1378362249" visible="true" version="3" changeset="32847838" timestamp="2015-07-24T12:07:09Z" user="shashi2" uid="2891142" lat="22.5482204" lon="88.3176106"/>
 <node id="1378362258" visible="true" version="3" changeset="32847838" timestamp="2015-07-24T12:07:09Z" user="shashi2" uid="2891142" lat="22.5477239" lon="88.3180450"/>
 <node id="1378362261" visible="true" version="3" changeset="32847838" timestamp="2015-07-24T12:07:09Z" user="shashi2" uid="2891142" lat="22.5481285" lon="88.3178022"/>
 <node id="1378798979" visible="true" version="3" changeset="32847838" timestamp="2015-07-24T12:07:09Z" user="shashi2" uid="2891142" lat="22.5474807" lon="88.3136856"/>
 <node id="1378799010" visible="true" version="3" changeset="32847838" timestamp="2015-07-24T12:07:09Z" user="shashi2" uid="2891142" lat="22.5475848" lon="88.3141236"/>
 <node id="1378799040" visible="true" version="3" changeset="32847838" timestamp="2015-07-24T12:07:10Z" user="shashi2" uid="2891142" lat="22.5472345" lon="88.3137433"/>
 <node id="1378799061" visible="true" version="3" changeset="32847838" timestamp="2015-07-24T12:07:10Z" user="shashi2" uid="2891142" lat="22.5473808" lon="88.3142105"/>
 <node id="1379744991" visible="true" version="3" changeset="32847838" timestamp="2015-07-24T12:07:11Z" user="shashi2" uid="2891142" lat="22.5468991" lon="88.3111334"/>
 <node id="1379745006" visible="true" version="3" changeset="32847838" timestamp="2015-07-24T12:07:11Z" user="shashi2" uid="2891142" lat="22.5470631" lon="88.3123097"/>
 <node id="1379745032" visible="true" version="3" changeset="32847838" timestamp="2015-07-24T12:07:11Z" user="shashi2" uid="2891142" lat="22.5468637" lon="88.3114795"/>
 <node id="1379745067" visible="true" version="3" changeset="32847838" timestamp="2015-07-24T12:07:11Z" user="shashi2" uid="2891142" lat="22.5471369" lon="88.3129193"/>
 <node id="1379745084" visible="true" version="3" changeset="32847838" timestamp="2015-07-24T12:07:11Z" user="shashi2" uid="2891142" lat="22.5469067" lon="88.3108301"/>
 <node id="1379745091" visible="true" version="3" changeset="32847838" timestamp="2015-07-24T12:07:11Z" user="shashi2" uid="2891142" lat="22.5468646" lon="88.3105597"/>
 <node id="1379745096" visible="true" version="3" changeset="32847838" timestamp="2015-07-24T12:07:11Z" user="shashi2" uid="2891142" lat="22.5467383" lon="88.3099938"/>
 <node id="1379745143" visible="true" version="3" changeset="32847838" timestamp="2015-07-24T12:07:11Z" user="shashi2" uid="2891142" lat="22.5469662" lon="88.3122467"/>
 <node id="1380097015" visible="true" version="3" changeset="32847838" timestamp="2015-07-24T12:07:11Z" user="shashi2" uid="2891142" lat="22.5466033" lon="88.3059052"/>
 <node id="1380097021" visible="true" version="4" changeset="66052540" timestamp="2019-01-05T17:17:08Z" user="PlaneMad" uid="1306" lat="22.5474558" lon="88.3020846"/>
 <node id="1380097070" visible="true" version="3" changeset="32847838" timestamp="2015-07-24T12:07:11Z" user="shashi2" uid="2891142" lat="22.5465699" lon="88.3071136"/>
 <node id="1380097078" visible="true" version="3" changeset="32847838" timestamp="2015-07-24T12:07:11Z" user="shashi2" uid="2891142" lat="22.5487102" lon="88.2970708"/>
 <node id="1380097140" visible="true" version="3" changeset="32847838" timestamp="2015-07-24T12:07:11Z" user="shashi2" uid="2891142" lat="22.5485704" lon="88.2971212"/>
 <node id="1380097151" visible="true" version="3" changeset="32847838" timestamp="2015-07-24T12:07:11Z" user="shashi2" uid="2891142" lat="22.5472539" lon="88.3019887"/>
 <node id="1380097156" visible="true" version="3" changeset="32847838" timestamp="2015-07-24T12:07:11Z" user="shashi2" uid="2891142" lat="22.5487603" lon="88.2970732"/>
 <node id="1380097193" visible="true" version="3" changeset="32847838" timestamp="2015-07-24T12:07:11Z" user="shashi2" uid="2891142" lat="22.5465607" lon="88.3062609"/>
 <node id="1380097195" visible="true" version="4" changeset="66052540" timestamp="2019-01-05T17:17:08Z" user="PlaneMad" uid="1306" lat="22.5487479" lon="88.2983907"/>
 <node id="1380097201" visible="true" version="3" changeset="32847838" timestamp="2015-07-24T12:07:11Z" user="shashi2" uid="2891142" lat="22.5468763" lon="88.3030562"/>
 <node id="1380097212" visible="true" version="4" changeset="66052540" timestamp="2019-01-05T17:17:08Z" user="PlaneMad" uid="1306" lat="22.5484553" lon="88.2982571"/>
 <node id="1380097223" visible="true" version="3" changeset="32847838" timestamp="2015-07-24T12:07:11Z" user="shashi2" uid="2891142" lat="22.5485939" lon="88.2971489"/>
 <node id="1380097225" visible="true" version="3" changeset="32847838" timestamp="2015-07-24T12:07:11Z" user="shashi2" uid="2891142" lat="22.5488357" lon="88.2971546"/>
 <node id="1380097246" visible="true" version="3" changeset="32847838" timestamp="2015-07-24T12:07:11Z" user="shashi2" uid="2891142" lat="22.5465439" lon="88.3054012"/>
 <node id="1382248410" visible="true" version="4" changeset="41241718" timestamp="2016-08-04T16:24:42Z" user="Prosen_2s" uid="3954920" lat="22.5507067" lon="88.2898186"/>
 <node id="1382248421" visible="true" version="4" changeset="41241718" timestamp="2016-08-04T16:24:42Z" user="Prosen_2s" uid="3954920" lat="22.5507154" lon="88.2898878"/>
 <node id="1382248452" visible="true" version="5" changeset="66052540" timestamp="2019-01-05T17:17:08Z" user="PlaneMad" uid="1306" lat="22.5492866" lon="88.2956426"/>
 <node id="1382248454" visible="true" version="4" changeset="41241718" timestamp="2016-08-04T16:24:42Z" user="Prosen_2s" uid="3954920" lat="22.5495622" lon="88.2956056"/>
 <node id="1382248458" visible="true" version="3" changeset="32847838" timestamp="2015-07-24T12:07:12Z" user="shashi2" uid="2891142" lat="22.5507945" lon="88.2893362"/>
 <node id="1382248462" visible="true" version="4" changeset="41241718" timestamp="2016-08-04T16:24:42Z" user="Prosen_2s" uid="3954920" lat="22.5493695" lon="88.2955356"/>
 <node id="1382248468" visible="true" version="4" changeset="41241718" timestamp="2016-08-04T16:24:42Z" user="Prosen_2s" uid="3954920" lat="22.5508479" lon="88.2892616"/>
 <node id="1382248474" visible="true" version="4" changeset="41241718" timestamp="2016-08-04T16:24:42Z" user="Prosen_2s" uid="3954920" lat="22.5495330" lon="88.2957655"/>
 <node id="1382248483" visible="true" version="3" changeset="32847838" timestamp="2015-07-24T12:07:12Z" user="shashi2" uid="2891142" lat="22.5509174" lon="88.2888373"/>
 <node id="1382248498" visible="true" version="4" changeset="41241718" timestamp="2016-08-04T16:24:42Z" user="Prosen_2s" uid="3954920" lat="22.5494087" lon="88.2955172"/>
 <node id="1382248531" visible="true" version="3" changeset="32847838" timestamp="2015-07-24T12:07:12Z" user="shashi2" uid="2891142" lat="22.5505374" lon="88.2902468"/>
 <node id="1382248535" visible="true" version="4" changeset="41241718" timestamp="2016-08-04T16:24:42Z" user="Prosen_2s" uid="3954920" lat="22.5506613" lon="88.2897812"/>
 <node id="1420381574" visible="true" version="3" changeset="69852783" timestamp="2019-05-03T16:52:50Z" user="magma18" uid="4502856" lat="22.5554093" lon="88.2321991"/>
 <node id="1499489040" visible="true" version="5" changeset="86607359" timestamp="2020-06-13T20:15:04Z" user="AniB88" uid="11290879" lat="22.5574808" lon="88.2767583"/>
 <node id="1672312966" visible="true" version="3" changeset="32847838" timestamp="2015-07-24T12:07:13Z" user="shashi2" uid="2891142" lat="22.8637146" lon="88.3805982"/>
 <node id="1765885295" visible="true" version="4" changeset="32847838" timestamp="2015-07-24T12:07:13Z" user="shashi2" uid="2891142" lat="22.7273096" lon="88.3617015"/>
 <node id="2143020315" visible="true" version="3" changeset="32847838" timestamp="2015-07-24T12:07:13Z" user="shashi2" uid="2891142" lat="22.5747227" lon="88.3388124"/>
 <node id="2143020322" visible="true" version="3" changeset="32847838" timestamp="2015-07-24T12:07:13Z" user="shashi2" uid="2891142" lat="22.5771716" lon="88.3404855"/>
 <node id="2143020331" visible="true" version="3" changeset="32847838" timestamp="2015-07-24T12:07:13Z" user="shashi2" uid="2891142" lat="22.5755045" lon="88.3394502"/>
 <node id="2230610516" visible="true" version="3" changeset="32847838" timestamp="2015-07-24T12:07:13Z" user="shashi2" uid="2891142" lat="22.7138770" lon="88.3648199"/>
 <node id="2230610551" visible="true" version="3" changeset="32847838" timestamp="2015-07-24T12:07:13Z" user="shashi2" uid="2891142" lat="22.7141318" lon="88.3648113"/>
 <node id="2342944509" visible="true" version="4" changeset="41570564" timestamp="2016-08-20T06:14:12Z" user="Prosen_2s" uid="3954920" lat="22.5548977" lon="88.2896454"/>
 <node id="2347262069" visible="true" version="3" changeset="32847838" timestamp="2015-07-24T12:07:20Z" user="shashi2" uid="2891142" lat="22.5528686" lon="88.3004177"/>
 <node id="2347283890" visible="true" version="4" changeset="41570564" timestamp="2016-08-20T06:14:12Z" user="Prosen_2s" uid="3954920" lat="22.5549778" lon="88.2862843"/>
 <node id="2347283891" visible="true" version="4" changeset="41570564" timestamp="2016-08-20T06:14:12Z" user="Prosen_2s" uid="3954920" lat="22.5548845" lon="88.2849064"/>
 <node id="2347283892" visible="true" version="3" changeset="32847838" timestamp="2015-07-24T12:07:20Z" user="shashi2" uid="2891142" lat="22.5544846" lon="88.2943204"/>
 <node id="2347283893" visible="true" version="4" changeset="41570564" timestamp="2016-08-20T06:14:12Z" user="Prosen_2s" uid="3954920" lat="22.5550638" lon="88.2869622"/>
 <node id="2347283894" visible="true" version="3" changeset="32847838" timestamp="2015-07-24T12:07:20Z" user="shashi2" uid="2891142" lat="22.5527657" lon="88.3005303"/>
 <node id="2357008534" visible="true" version="5" changeset="86261310" timestamp="2020-06-05T20:28:51Z" user="AniB88" uid="11290879" lat="22.5556312" lon="88.2822104"/>
 <node id="2357008540" visible="true" version="5" changeset="86261310" timestamp="2020-06-05T20:28:51Z" user="AniB88" uid="11290879" lat="22.5555029" lon="88.2827140"/>
 <node id="2656274762" visible="true" version="4" changeset="41241718" timestamp="2016-08-04T16:24:43Z" user="Prosen_2s" uid="3954920" lat="22.5696471" lon="88.3421302"/>
 <node id="3118371652" visible="true" version="3" changeset="32847838" timestamp="2015-07-24T12:07:24Z" user="shashi2" uid="2891142" lat="22.8271028" lon="88.3669936"/>
 <node id="3118371663" visible="true" version="3" changeset="32847838" timestamp="2015-07-24T12:07:24Z" user="shashi2" uid="2891142" lat="22.8269910" lon="88.3677802"/>
 <node id="3118540147" visible="true" version="3" changeset="32847838" timestamp="2015-07-24T12:07:24Z" user="shashi2" uid="2891142" lat="22.8265381" lon="88.3621847"/>
 <node id="3118540152" visible="true" version="3" changeset="32847838" timestamp="2015-07-24T12:07:24Z" user="shashi2" uid="2891142" lat="22.8258628" lon="88.3609333"/>
 <node id="3118540158" visible="true" version="3" changeset="32847838" timestamp="2015-07-24T12:07:25Z" user="shashi2" uid="2891142" lat="22.8271067" lon="88.3640840"/>
 <node id="3118540183" visible="true" version="3" changeset="32847838" timestamp="2015-07-24T12:07:25Z" user="shashi2" uid="2891142" lat="22.8272617" lon="88.3650182"/>
 <node id="3118540187" visible="true" version="3" changeset="32847838" timestamp="2015-07-24T12:07:25Z" user="shashi2" uid="2891142" lat="22.8260832" lon="88.3612331"/>
 <node id="3118615001" visible="true" version="3" changeset="32847838" timestamp="2015-07-24T12:07:25Z" user="shashi2" uid="2891142" lat="22.8251140" lon="88.3602526"/>
 <node id="3118615006" visible="true" version="3" changeset="32847838" timestamp="2015-07-24T12:07:25Z" user="shashi2" uid="2891142" lat="22.8255069" lon="88.3606324"/>
 <node id="3118615007" visible="true" version="3" changeset="32847838" timestamp="2015-07-24T12:07:25Z" user="shashi2" uid="2891142" lat="22.8246046" lon="88.3598493"/>
 <node id="3118615021" visible="true" version="3" changeset="32847838" timestamp="2015-07-24T12:07:25Z" user="shashi2" uid="2891142" lat="22.8248430" lon="88.3601126"/>
 <node id="3120043152" visible="true" version="3" changeset="32847838" timestamp="2015-07-24T12:07:25Z" user="shashi2" uid="2891142" lat="22.8235488" lon="88.3591008"/>
 <node id="3120048392" visible="true" version="3" changeset="32847838" timestamp="2015-07-24T12:07:25Z" user="shashi2" uid="2891142" lat="22.8231279" lon="88.3589583"/>
 <node id="3120049037" visible="true" version="3" changeset="32847838" timestamp="2015-07-24T12:07:25Z" user="shashi2" uid="2891142" lat="22.8220756" lon="88.3582507"/>
 <node id="3120400140" visible="true" version="3" changeset="32847838" timestamp="2015-07-24T12:07:25Z" user="shashi2" uid="2891142" lat="22.8200553" lon="88.3577137"/>
 <node id="3120411863" visible="true" version="3" changeset="32847838" timestamp="2015-07-24T12:07:25Z" user="shashi2" uid="2891142" lat="22.8169351" lon="88.3583396"/>
 <node id="3120411864" visible="true" version="3" changeset="32847838" timestamp="2015-07-24T12:07:25Z" user="shashi2" uid="2891142" lat="22.8176551" lon="88.3581697"/>
 <node id="3120411877" visible="true" version="3" changeset="32847838" timestamp="2015-07-24T12:07:25Z" user="shashi2" uid="2891142" lat="22.8163025" lon="88.3584659"/>
 <node id="3120411878" visible="true" version="3" changeset="32847838" timestamp="2015-07-24T12:07:25Z" user="shashi2" uid="2891142" lat="22.8189055" lon="88.3577521"/>
 <node id="3120411884" visible="true" version="3" changeset="32847838" timestamp="2015-07-24T12:07:25Z" user="shashi2" uid="2891142" lat="22.8158623" lon="88.3588546"/>
 <node id="3120411892" visible="true" version="3" changeset="32847838" timestamp="2015-07-24T12:07:25Z" user="shashi2" uid="2891142" lat="22.8194451" lon="88.3577460"/>
 <node id="3120413430" visible="true" version="3" changeset="32847838" timestamp="2015-07-24T12:07:26Z" user="shashi2" uid="2891142" lat="22.8187162" lon="88.3576866"/>
 <node id="3120413439" visible="true" version="3" changeset="32847838" timestamp="2015-07-24T12:07:26Z" user="shashi2" uid="2891142" lat="22.8177930" lon="88.3579307"/>
 <node id="3120413440" visible="true" version="3" changeset="32847838" timestamp="2015-07-24T12:07:26Z" user="shashi2" uid="2891142" lat="22.8162635" lon="88.3587342"/>
 <node id="3120413454" visible="true" version="3" changeset="32847838" timestamp="2015-07-24T12:07:26Z" user="shashi2" uid="2891142" lat="22.8169008" lon="88.3582614"/>
 <node id="3120413456" visible="true" version="3" changeset="32847838" timestamp="2015-07-24T12:07:26Z" user="shashi2" uid="2891142" lat="22.8192472" lon="88.3576599"/>
 <node id="3120413464" visible="true" version="3" changeset="32847838" timestamp="2015-07-24T12:07:26Z" user="shashi2" uid="2891142" lat="22.8174448" lon="88.3583062"/>
 <node id="3120413469" visible="true" version="3" changeset="32847838" timestamp="2015-07-24T12:07:26Z" user="shashi2" uid="2891142" lat="22.8153494" lon="88.3592510"/>
 <node id="3120413507" visible="true" version="3" changeset="32847838" timestamp="2015-07-24T12:07:26Z" user="shashi2" uid="2891142" lat="22.8189957" lon="88.3576885"/>
 <node id="3120413509" visible="true" version="3" changeset="32847838" timestamp="2015-07-24T12:07:26Z" user="shashi2" uid="2891142" lat="22.8175965" lon="88.3582746"/>
 <node id="3120413512" visible="true" version="3" changeset="32847838" timestamp="2015-07-24T12:07:26Z" user="shashi2" uid="2891142" lat="22.8153625" lon="88.3588959"/>
 <node id="3120413514" visible="true" version="3" changeset="32847838" timestamp="2015-07-24T12:07:26Z" user="shashi2" uid="2891142" lat="22.8181822" lon="88.3578268"/>
 <node id="3121120395" visible="true" version="3" changeset="32847838" timestamp="2015-07-24T12:07:26Z" user="shashi2" uid="2891142" lat="22.8176909" lon="88.3581077"/>
 <node id="3122519064" visible="true" version="3" changeset="32847838" timestamp="2015-07-24T12:07:26Z" user="shashi2" uid="2891142" lat="22.8284053" lon="88.3766998"/>
 <node id="3122519065" visible="true" version="3" changeset="32847838" timestamp="2015-07-24T12:07:26Z" user="shashi2" uid="2891142" lat="22.8275568" lon="88.3748296"/>
 <node id="3122519068" visible="true" version="3" changeset="32847838" timestamp="2015-07-24T12:07:26Z" user="shashi2" uid="2891142" lat="22.8273613" lon="88.3740307"/>
 <node id="3122519071" visible="true" version="3" changeset="32847838" timestamp="2015-07-24T12:07:26Z" user="shashi2" uid="2891142" lat="22.8268851" lon="88.3734636"/>
 <node id="3122519072" visible="true" version="3" changeset="32847838" timestamp="2015-07-24T12:07:26Z" user="shashi2" uid="2891142" lat="22.8273620" lon="88.3741431"/>
 <node id="3122519074" visible="true" version="3" changeset="32847838" timestamp="2015-07-24T12:07:27Z" user="shashi2" uid="2891142" lat="22.8272966" lon="88.3741733"/>
 <node id="3122519077" visible="true" version="3" changeset="32847838" timestamp="2015-07-24T12:07:27Z" user="shashi2" uid="2891142" lat="22.8273084" lon="88.3742488"/>
 <node id="3122519081" visible="true" version="3" changeset="32847838" timestamp="2015-07-24T12:07:27Z" user="shashi2" uid="2891142" lat="22.8272559" lon="88.3740752"/>
 <node id="3122519086" visible="true" version="3" changeset="32847838" timestamp="2015-07-24T12:07:27Z" user="shashi2" uid="2891142" lat="22.8265638" lon="88.3728763"/>
 <node id="3122519088" visible="true" version="3" changeset="32847838" timestamp="2015-07-24T12:07:27Z" user="shashi2" uid="2891142" lat="22.8269123" lon="88.3731227"/>
 <node id="3122519089" visible="true" version="3" changeset="32847838" timestamp="2015-07-24T12:07:27Z" user="shashi2" uid="2891142" lat="22.8273927" lon="88.3742037"/>
 <node id="3122519091" visible="true" version="3" changeset="32847838" timestamp="2015-07-24T12:07:27Z" user="shashi2" uid="2891142" lat="22.8273228" lon="88.3739611"/>
 <node id="3122519092" visible="true" version="3" changeset="32847838" timestamp="2015-07-24T12:07:27Z" user="shashi2" uid="2891142" lat="22.8270313" lon="88.3733568"/>
 <node id="3129812594" visible="true" version="3" changeset="32847838" timestamp="2015-07-24T12:07:27Z" user="shashi2" uid="2891142" lat="22.8292243" lon="88.3776759"/>
 <node id="3129812597" visible="true" version="3" changeset="32847838" timestamp="2015-07-24T12:07:27Z" user="shashi2" uid="2891142" lat="22.8289794" lon="88.3774736"/>
 <node id="3152834156" visible="true" version="3" changeset="32847838" timestamp="2015-07-24T12:07:30Z" user="shashi2" uid="2891142" lat="22.8029098" lon="88.3590451"/>
 <node id="3152834159" visible="true" version="3" changeset="32847838" timestamp="2015-07-24T12:07:30Z" user="shashi2" uid="2891142" lat="22.8003506" lon="88.3581439"/>
 <node id="3152843971" visible="true" version="3" changeset="32847838" timestamp="2015-07-24T12:07:30Z" user="shashi2" uid="2891142" lat="22.8012254" lon="88.3584905"/>
 <node id="3152843981" visible="true" version="3" changeset="32847838" timestamp="2015-07-24T12:07:30Z" user="shashi2" uid="2891142" lat="22.8001449" lon="88.3580207"/>
 <node id="3152843986" visible="true" version="3" changeset="32847838" timestamp="2015-07-24T12:07:30Z" user="shashi2" uid="2891142" lat="22.8038289" lon="88.3592287"/>
 <node id="3152843987" visible="true" version="3" changeset="32847838" timestamp="2015-07-24T12:07:30Z" user="shashi2" uid="2891142" lat="22.7997724" lon="88.3579399"/>
 <node id="3152843992" visible="true" version="3" changeset="32847838" timestamp="2015-07-24T12:07:30Z" user="shashi2" uid="2891142" lat="22.8051153" lon="88.3595120"/>
 <node id="3154408233" visible="true" version="3" changeset="32847838" timestamp="2015-07-24T12:07:30Z" user="shashi2" uid="2891142" lat="22.7812706" lon="88.3340792"/>
 <node id="3154408236" visible="true" version="3" changeset="32847838" timestamp="2015-07-24T12:07:30Z" user="shashi2" uid="2891142" lat="22.7809221" lon="88.3339099"/>
 <node id="3154408240" visible="true" version="3" changeset="32847838" timestamp="2015-07-24T12:07:30Z" user="shashi2" uid="2891142" lat="22.7815128" lon="88.3344619"/>
 <node id="3154408248" visible="true" version="3" changeset="32847838" timestamp="2015-07-24T12:07:30Z" user="shashi2" uid="2891142" lat="22.7817745" lon="88.3341773"/>
 <node id="3156152590" visible="true" version="3" changeset="32847838" timestamp="2015-07-24T12:07:31Z" user="shashi2" uid="2891142" lat="22.7789487" lon="88.3334546"/>
 <node id="3156152596" visible="true" version="3" changeset="32847838" timestamp="2015-07-24T12:07:31Z" user="shashi2" uid="2891142" lat="22.7781257" lon="88.3334573"/>
 <node id="3156152607" visible="true" version="3" changeset="32847838" timestamp="2015-07-24T12:07:31Z" user="shashi2" uid="2891142" lat="22.7775710" lon="88.3337109"/>
 <node id="3156152618" visible="true" version="3" changeset="32847838" timestamp="2015-07-24T12:07:31Z" user="shashi2" uid="2891142" lat="22.7788080" lon="88.3334817"/>
 <node id="3156152619" visible="true" version="3" changeset="32847838" timestamp="2015-07-24T12:07:31Z" user="shashi2" uid="2891142" lat="22.7788574" lon="88.3335643"/>
 <node id="3156152629" visible="true" version="3" changeset="32847838" timestamp="2015-07-24T12:07:31Z" user="shashi2" uid="2891142" lat="22.7773220" lon="88.3337591"/>
 <node id="3156152631" visible="true" version="3" changeset="32847838" timestamp="2015-07-24T12:07:31Z" user="shashi2" uid="2891142" lat="22.7774376" lon="88.3338887"/>
 <node id="3156152632" visible="true" version="3" changeset="32847838" timestamp="2015-07-24T12:07:31Z" user="shashi2" uid="2891142" lat="22.7773020" lon="88.3339722"/>
 <node id="3156152637" visible="true" version="3" changeset="32847838" timestamp="2015-07-24T12:07:31Z" user="shashi2" uid="2891142" lat="22.7780520" lon="88.3336489"/>
 <node id="3156152647" visible="true" version="3" changeset="32847838" timestamp="2015-07-24T12:07:31Z" user="shashi2" uid="2891142" lat="22.7771636" lon="88.3337582"/>
 <node id="3156152649" visible="true" version="3" changeset="32847838" timestamp="2015-07-24T12:07:31Z" user="shashi2" uid="2891142" lat="22.7775993" lon="88.3337589"/>
 <node id="3156152650" visible="true" version="3" changeset="32847838" timestamp="2015-07-24T12:07:31Z" user="shashi2" uid="2891142" lat="22.7782002" lon="88.3335057"/>
 <node id="3156152651" visible="true" version="3" changeset="32847838" timestamp="2015-07-24T12:07:31Z" user="shashi2" uid="2891142" lat="22.7774774" lon="88.3337127"/>
 <node id="3156152653" visible="true" version="3" changeset="32847838" timestamp="2015-07-24T12:07:31Z" user="shashi2" uid="2891142" lat="22.7785027" lon="88.3334566"/>
 <node id="3156152654" visible="true" version="3" changeset="32847838" timestamp="2015-07-24T12:07:31Z" user="shashi2" uid="2891142" lat="22.7780581" lon="88.3334487"/>
 <node id="3156152656" visible="true" version="3" changeset="32847838" timestamp="2015-07-24T12:07:31Z" user="shashi2" uid="2891142" lat="22.7777979" lon="88.3337000"/>
 <node id="3156161465" visible="true" version="3" changeset="32847838" timestamp="2015-07-24T12:07:31Z" user="shashi2" uid="2891142" lat="22.7761320" lon="88.3338383"/>
 <node id="3156161501" visible="true" version="3" changeset="32847838" timestamp="2015-07-24T12:07:31Z" user="shashi2" uid="2891142" lat="22.7754840" lon="88.3342132"/>
 <node id="3156161536" visible="true" version="3" changeset="32847838" timestamp="2015-07-24T12:07:31Z" user="shashi2" uid="2891142" lat="22.7761736" lon="88.3339898"/>
 <node id="3156161549" visible="true" version="3" changeset="32847838" timestamp="2015-07-24T12:07:31Z" user="shashi2" uid="2891142" lat="22.7754874" lon="88.3340249"/>
 <node id="3156166078" visible="true" version="3" changeset="32847838" timestamp="2015-07-24T12:07:31Z" user="shashi2" uid="2891142" lat="22.7730700" lon="88.3349012"/>
 <node id="3156166085" visible="true" version="3" changeset="32847838" timestamp="2015-07-24T12:07:31Z" user="shashi2" uid="2891142" lat="22.7736889" lon="88.3347668"/>
 <node id="3156166087" visible="true" version="3" changeset="32847838" timestamp="2015-07-24T12:07:31Z" user="shashi2" uid="2891142" lat="22.7730880" lon="88.3354180"/>
 <node id="3156166089" visible="true" version="3" changeset="32847838" timestamp="2015-07-24T12:07:31Z" user="shashi2" uid="2891142" lat="22.7739124" lon="88.3348651"/>
 <node id="3156166095" visible="true" version="3" changeset="32847838" timestamp="2015-07-24T12:07:31Z" user="shashi2" uid="2891142" lat="22.7740651" lon="88.3347833"/>
 <node id="3156166110" visible="true" version="3" changeset="32847838" timestamp="2015-07-24T12:07:31Z" user="shashi2" uid="2891142" lat="22.7732901" lon="88.3347126"/>
 <node id="3156166112" visible="true" version="3" changeset="32847838" timestamp="2015-07-24T12:07:31Z" user="shashi2" uid="2891142" lat="22.7731136" lon="88.3355749"/>
 <node id="3156166113" visible="true" version="3" changeset="32847838" timestamp="2015-07-24T12:07:31Z" user="shashi2" uid="2891142" lat="22.7731223" lon="88.3351928"/>
 <node id="3156166117" visible="true" version="3" changeset="32847838" timestamp="2015-07-24T12:07:31Z" user="shashi2" uid="2891142" lat="22.7728845" lon="88.3355623"/>
 <node id="3156166119" visible="true" version="3" changeset="32847838" timestamp="2015-07-24T12:07:31Z" user="shashi2" uid="2891142" lat="22.7723140" lon="88.3356791"/>
 <node id="3156166122" visible="true" version="3" changeset="32847838" timestamp="2015-07-24T12:07:31Z" user="shashi2" uid="2891142" lat="22.7728111" lon="88.3357059"/>
 <node id="3156166123" visible="true" version="3" changeset="32847838" timestamp="2015-07-24T12:07:31Z" user="shashi2" uid="2891142" lat="22.7735483" lon="88.3346575"/>
 <node id="3156166126" visible="true" version="3" changeset="32847838" timestamp="2015-07-24T12:07:31Z" user="shashi2" uid="2891142" lat="22.7725336" lon="88.3358468"/>
 <node id="3158244560" visible="true" version="3" changeset="32847838" timestamp="2015-07-24T12:07:31Z" user="shashi2" uid="2891142" lat="22.7692599" lon="88.3390329"/>
 <node id="3158245661" visible="true" version="3" changeset="32847838" timestamp="2015-07-24T12:07:31Z" user="shashi2" uid="2891142" lat="22.7705244" lon="88.3370386"/>
 <node id="3158245662" visible="true" version="3" changeset="32847838" timestamp="2015-07-24T12:07:32Z" user="shashi2" uid="2891142" lat="22.7719158" lon="88.3360556"/>
 <node id="3158245668" visible="true" version="3" changeset="32847838" timestamp="2015-07-24T12:07:32Z" user="shashi2" uid="2891142" lat="22.7689364" lon="88.3387130"/>
 <node id="3158245678" visible="true" version="3" changeset="32847838" timestamp="2015-07-24T12:07:32Z" user="shashi2" uid="2891142" lat="22.7686744" lon="88.3390151"/>
 <node id="3158245679" visible="true" version="3" changeset="32847838" timestamp="2015-07-24T12:07:32Z" user="shashi2" uid="2891142" lat="22.7693863" lon="88.3390628"/>
 <node id="3158245680" visible="true" version="3" changeset="32847838" timestamp="2015-07-24T12:07:32Z" user="shashi2" uid="2891142" lat="22.7686036" lon="88.3393487"/>
 <node id="3158245683" visible="true" version="3" changeset="32847838" timestamp="2015-07-24T12:07:32Z" user="shashi2" uid="2891142" lat="22.7689532" lon="88.3386168"/>
 <node id="3158245690" visible="true" version="3" changeset="32847838" timestamp="2015-07-24T12:07:32Z" user="shashi2" uid="2891142" lat="22.7693239" lon="88.3387050"/>
 <node id="3158245697" visible="true" version="3" changeset="32847838" timestamp="2015-07-24T12:07:32Z" user="shashi2" uid="2891142" lat="22.7695840" lon="88.3392719"/>
 <node id="3158245703" visible="true" version="3" changeset="32847838" timestamp="2015-07-24T12:07:32Z" user="shashi2" uid="2891142" lat="22.7711629" lon="88.3365912"/>
 <node id="3158245704" visible="true" version="3" changeset="32847838" timestamp="2015-07-24T12:07:32Z" user="shashi2" uid="2891142" lat="22.7685747" lon="88.3390755"/>
 <node id="3158245710" visible="true" version="3" changeset="32847838" timestamp="2015-07-24T12:07:32Z" user="shashi2" uid="2891142" lat="22.7710019" lon="88.3368188"/>
 <node id="3158245713" visible="true" version="3" changeset="32847838" timestamp="2015-07-24T12:07:32Z" user="shashi2" uid="2891142" lat="22.7716940" lon="88.3361370"/>
 <node id="3158245732" visible="true" version="3" changeset="32847838" timestamp="2015-07-24T12:07:32Z" user="shashi2" uid="2891142" lat="22.7693635" lon="88.3382626"/>
 <node id="3158245738" visible="true" version="3" changeset="32847838" timestamp="2015-07-24T12:07:32Z" user="shashi2" uid="2891142" lat="22.7695825" lon="88.3378015"/>
 <node id="3158245754" visible="true" version="3" changeset="32847838" timestamp="2015-07-24T12:07:32Z" user="shashi2" uid="2891142" lat="22.7681473" lon="88.3398245"/>
 <node id="3158245756" visible="true" version="3" changeset="32847838" timestamp="2015-07-24T12:07:32Z" user="shashi2" uid="2891142" lat="22.7694701" lon="88.3390253"/>
 <node id="3158245768" visible="true" version="3" changeset="32847838" timestamp="2015-07-24T12:07:32Z" user="shashi2" uid="2891142" lat="22.7715907" lon="88.3362429"/>
 <node id="3158245776" visible="true" version="3" changeset="32847838" timestamp="2015-07-24T12:07:32Z" user="shashi2" uid="2891142" lat="22.7689434" lon="88.3390975"/>
 <node id="3158245780" visible="true" version="3" changeset="32847838" timestamp="2015-07-24T12:07:32Z" user="shashi2" uid="2891142" lat="22.7680776" lon="88.3401753"/>
 <node id="3158245792" visible="true" version="3" changeset="32847838" timestamp="2015-07-24T12:07:32Z" user="shashi2" uid="2891142" lat="22.7708636" lon="88.3368480"/>
 <node id="3158266813" visible="true" version="3" changeset="32847838" timestamp="2015-07-24T12:07:32Z" user="shashi2" uid="2891142" lat="22.7632373" lon="88.3484955"/>
 <node id="3158266817" visible="true" version="3" changeset="32847838" timestamp="2015-07-24T12:07:32Z" user="shashi2" uid="2891142" lat="22.7632604" lon="88.3482113"/>
 <node id="3158266825" visible="true" version="3" changeset="32847838" timestamp="2015-07-24T12:07:32Z" user="shashi2" uid="2891142" lat="22.7622977" lon="88.3501514"/>
 <node id="3158266840" visible="true" version="3" changeset="32847838" timestamp="2015-07-24T12:07:32Z" user="shashi2" uid="2891142" lat="22.7634699" lon="88.3476117"/>
 <node id="3158266844" visible="true" version="3" changeset="32847838" timestamp="2015-07-24T12:07:32Z" user="shashi2" uid="2891142" lat="22.7636487" lon="88.3472532"/>
 <node id="3158266850" visible="true" version="3" changeset="32847838" timestamp="2015-07-24T12:07:32Z" user="shashi2" uid="2891142" lat="22.7603513" lon="88.3529834"/>
 <node id="3158266852" visible="true" version="3" changeset="32847838" timestamp="2015-07-24T12:07:32Z" user="shashi2" uid="2891142" lat="22.7620606" lon="88.3507887"/>
 <node id="3158270967" visible="true" version="3" changeset="32847838" timestamp="2015-07-24T12:07:32Z" user="shashi2" uid="2891142" lat="22.7637473" lon="88.3469060"/>
 <node id="3158270983" visible="true" version="3" changeset="32847838" timestamp="2015-07-24T12:07:32Z" user="shashi2" uid="2891142" lat="22.7612013" lon="88.3519627"/>
 <node id="3158270984" visible="true" version="3" changeset="32847838" timestamp="2015-07-24T12:07:32Z" user="shashi2" uid="2891142" lat="22.7632992" lon="88.3483488"/>
 <node id="3158270994" visible="true" version="3" changeset="32847838" timestamp="2015-07-24T12:07:32Z" user="shashi2" uid="2891142" lat="22.7617635" lon="88.3513323"/>
 <node id="3158270996" visible="true" version="3" changeset="32847838" timestamp="2015-07-24T12:07:32Z" user="shashi2" uid="2891142" lat="22.7631018" lon="88.3485246"/>
 <node id="3158670293" visible="true" version="3" changeset="32847838" timestamp="2015-07-24T12:07:32Z" user="shashi2" uid="2891142" lat="22.7597133" lon="88.3544063"/>
 <node id="3158688504" visible="true" version="3" changeset="32847838" timestamp="2015-07-24T12:07:32Z" user="shashi2" uid="2891142" lat="22.7527526" lon="88.3620978"/>
 <node id="3158688520" visible="true" version="3" changeset="32847838" timestamp="2015-07-24T12:07:32Z" user="shashi2" uid="2891142" lat="22.7525552" lon="88.3622991"/>
 <node id="3158688521" visible="true" version="3" changeset="32847838" timestamp="2015-07-24T12:07:32Z" user="shashi2" uid="2891142" lat="22.7516442" lon="88.3632621"/>
 <node id="3158692024" visible="true" version="3" changeset="32847838" timestamp="2015-07-24T12:07:32Z" user="shashi2" uid="2891142" lat="22.7529873" lon="88.3619146"/>
 <node id="3158692073" visible="true" version="3" changeset="32847838" timestamp="2015-07-24T12:07:32Z" user="shashi2" uid="2891142" lat="22.7534428" lon="88.3616885"/>
 <node id="3195194165" visible="true" version="3" changeset="32847838" timestamp="2015-07-24T12:07:32Z" user="shashi2" uid="2891142" lat="22.7501562" lon="88.3647138"/>
 <node id="3195194168" visible="true" version="3" changeset="32847838" timestamp="2015-07-24T12:07:32Z" user="shashi2" uid="2891142" lat="22.7494880" lon="88.3647370"/>
 <node id="3195194191" visible="true" version="3" changeset="32847838" timestamp="2015-07-24T12:07:32Z" user="shashi2" uid="2891142" lat="22.7505240" lon="88.3645424"/>
 <node id="3195194194" visible="true" version="3" changeset="32847838" timestamp="2015-07-24T12:07:32Z" user="shashi2" uid="2891142" lat="22.7504748" lon="88.3645963"/>
 <node id="3195196301" visible="true" version="3" changeset="32847838" timestamp="2015-07-24T12:07:32Z" user="shashi2" uid="2891142" lat="22.7478576" lon="88.3658626"/>
 <node id="3195196316" visible="true" version="3" changeset="32847838" timestamp="2015-07-24T12:07:32Z" user="shashi2" uid="2891142" lat="22.7477933" lon="88.3654941"/>
 <node id="3195196321" visible="true" version="3" changeset="32847838" timestamp="2015-07-24T12:07:33Z" user="shashi2" uid="2891142" lat="22.7478922" lon="88.3652856"/>
 <node id="3195207094" visible="true" version="3" changeset="32847838" timestamp="2015-07-24T12:07:33Z" user="shashi2" uid="2891142" lat="22.7458268" lon="88.3659586"/>
 <node id="3195221249" visible="true" version="3" changeset="32847838" timestamp="2015-07-24T12:07:33Z" user="shashi2" uid="2891142" lat="22.7426359" lon="88.3659910"/>
 <node id="3195221903" visible="true" version="3" changeset="32847838" timestamp="2015-07-24T12:07:33Z" user="shashi2" uid="2891142" lat="22.7409346" lon="88.3657571"/>
 <node id="3196047598" visible="true" version="3" changeset="32847838" timestamp="2015-07-24T12:07:33Z" user="shashi2" uid="2891142" lat="22.7335872" lon="88.3634851"/>
 <node id="3196047612" visible="true" version="3" changeset="32847838" timestamp="2015-07-24T12:07:33Z" user="shashi2" uid="2891142" lat="22.7342953" lon="88.3635366"/>
 <node id="3196047613" visible="true" version="3" changeset="32847838" timestamp="2015-07-24T12:07:33Z" user="shashi2" uid="2891142" lat="22.7335935" lon="88.3635646"/>
 <node id="3196047621" visible="true" version="3" changeset="32847838" timestamp="2015-07-24T12:07:33Z" user="shashi2" uid="2891142" lat="22.7340127" lon="88.3634877"/>
 <node id="3196050408" visible="true" version="3" changeset="32847838" timestamp="2015-07-24T12:07:33Z" user="shashi2" uid="2891142" lat="22.7334527" lon="88.3632196"/>
 <node id="3196064183" visible="true" version="3" changeset="32847838" timestamp="2015-07-24T12:07:33Z" user="shashi2" uid="2891142" lat="22.7294692" lon="88.3617804"/>
 <node id="3196064188" visible="true" version="3" changeset="32847838" timestamp="2015-07-24T12:07:33Z" user="shashi2" uid="2891142" lat="22.7281442" lon="88.3618237"/>
 <node id="3196064193" visible="true" version="3" changeset="32847838" timestamp="2015-07-24T12:07:33Z" user="shashi2" uid="2891142" lat="22.7309936" lon="88.3620451"/>
 <node id="3196064201" visible="true" version="3" changeset="32847838" timestamp="2015-07-24T12:07:33Z" user="shashi2" uid="2891142" lat="22.7308781" lon="88.3619998"/>
 <node id="3196064204" visible="true" version="3" changeset="32847838" timestamp="2015-07-24T12:07:33Z" user="shashi2" uid="2891142" lat="22.7308700" lon="88.3621340"/>
 <node id="3196064207" visible="true" version="3" changeset="32847838" timestamp="2015-07-24T12:07:33Z" user="shashi2" uid="2891142" lat="22.7309837" lon="88.3621473"/>
 <node id="3196064220" visible="true" version="3" changeset="32847838" timestamp="2015-07-24T12:07:33Z" user="shashi2" uid="2891142" lat="22.7303351" lon="88.3618484"/>
 <node id="3196078629" visible="true" version="3" changeset="32847838" timestamp="2015-07-24T12:07:33Z" user="shashi2" uid="2891142" lat="22.7261622" lon="88.3631564"/>
 <node id="3196078633" visible="true" version="3" changeset="32847838" timestamp="2015-07-24T12:07:33Z" user="shashi2" uid="2891142" lat="22.7263571" lon="88.3645895"/>
 <node id="3196078640" visible="true" version="3" changeset="32847838" timestamp="2015-07-24T12:07:33Z" user="shashi2" uid="2891142" lat="22.7262861" lon="88.3639959"/>
 <node id="3196078641" visible="true" version="3" changeset="32847838" timestamp="2015-07-24T12:07:33Z" user="shashi2" uid="2891142" lat="22.7263103" lon="88.3623623"/>
 <node id="3196078655" visible="true" version="3" changeset="32847838" timestamp="2015-07-24T12:07:33Z" user="shashi2" uid="2891142" lat="22.7265947" lon="88.3623910"/>
 <node id="3196078656" visible="true" version="3" changeset="32847838" timestamp="2015-07-24T12:07:33Z" user="shashi2" uid="2891142" lat="22.7264413" lon="88.3620532"/>
 <node id="3196078657" visible="true" version="3" changeset="32847838" timestamp="2015-07-24T12:07:33Z" user="shashi2" uid="2891142" lat="22.7278672" lon="88.3618637"/>
 <node id="3196078660" visible="true" version="3" changeset="32847838" timestamp="2015-07-24T12:07:33Z" user="shashi2" uid="2891142" lat="22.7267980" lon="88.3620212"/>
 <node id="3196079568" visible="true" version="3" changeset="32847838" timestamp="2015-07-24T12:07:33Z" user="shashi2" uid="2891142" lat="22.7262111" lon="88.3626905"/>
 <node id="3196079571" visible="true" version="3" changeset="32847838" timestamp="2015-07-24T12:07:33Z" user="shashi2" uid="2891142" lat="22.7262365" lon="88.3619650"/>
 <node id="3196079573" visible="true" version="3" changeset="32847838" timestamp="2015-07-24T12:07:33Z" user="shashi2" uid="2891142" lat="22.7262908" lon="88.3631754"/>
 <node id="3196079576" visible="true" version="3" changeset="32847838" timestamp="2015-07-24T12:07:33Z" user="shashi2" uid="2891142" lat="22.7261335" lon="88.3640003"/>
 <node id="3196079583" visible="true" version="3" changeset="32847838" timestamp="2015-07-24T12:07:33Z" user="shashi2" uid="2891142" lat="22.7262929" lon="88.3645817"/>
 <node id="3196079585" visible="true" version="3" changeset="32847838" timestamp="2015-07-24T12:07:33Z" user="shashi2" uid="2891142" lat="22.7263696" lon="88.3627091"/>
 <node id="3196079591" visible="true" version="3" changeset="32847838" timestamp="2015-07-24T12:07:33Z" user="shashi2" uid="2891142" lat="22.7275216" lon="88.3618458"/>
 <node id="3196079595" visible="true" version="3" changeset="32847838" timestamp="2015-07-24T12:07:33Z" user="shashi2" uid="2891142" lat="22.7262236" lon="88.3645734"/>
 <node id="3407162378" visible="true" version="3" changeset="32847838" timestamp="2015-07-24T12:07:33Z" user="shashi2" uid="2891142" lat="22.6501519" lon="88.3510029"/>
 <node id="3407162397" visible="true" version="3" changeset="32847838" timestamp="2015-07-24T12:07:33Z" user="shashi2" uid="2891142" lat="22.6462082" lon="88.3516293"/>
 <node id="3407162402" visible="true" version="3" changeset="32847838" timestamp="2015-07-24T12:07:33Z" user="shashi2" uid="2891142" lat="22.6520744" lon="88.3505056"/>
 <node id="3407162417" visible="true" version="3" changeset="32847838" timestamp="2015-07-24T12:07:34Z" user="shashi2" uid="2891142" lat="22.6483637" lon="88.3511355"/>
 <node id="3407162424" visible="true" version="3" changeset="32847838" timestamp="2015-07-24T12:07:34Z" user="shashi2" uid="2891142" lat="22.6511135" lon="88.3507823"/>
 <node id="3407162438" visible="true" version="3" changeset="32847838" timestamp="2015-07-24T12:07:34Z" user="shashi2" uid="2891142" lat="22.6469186" lon="88.3514126"/>
 <node id="3407162452" visible="true" version="3" changeset="32847838" timestamp="2015-07-24T12:07:34Z" user="shashi2" uid="2891142" lat="22.6498840" lon="88.3509999"/>
 <node id="3407162454" visible="true" version="3" changeset="32847838" timestamp="2015-07-24T12:07:34Z" user="shashi2" uid="2891142" lat="22.6509127" lon="88.3508364"/>
 <node id="3407162455" visible="true" version="3" changeset="32847838" timestamp="2015-07-24T12:07:34Z" user="shashi2" uid="2891142" lat="22.6512482" lon="88.3506656"/>
 <node id="3407162472" visible="true" version="3" changeset="32847838" timestamp="2015-07-24T12:07:34Z" user="shashi2" uid="2891142" lat="22.6501982" lon="88.3509452"/>
 <node id="3617791529" visible="true" version="3" changeset="32847838" timestamp="2015-07-24T12:07:34Z" user="shashi2" uid="2891142" lat="22.6318490" lon="88.3574946"/>
 <node id="3617791530" visible="true" version="3" changeset="32847838" timestamp="2015-07-24T12:07:34Z" user="shashi2" uid="2891142" lat="22.6318742" lon="88.3575573"/>
 <node id="3617791533" visible="true" version="3" changeset="32847838" timestamp="2015-07-24T12:07:34Z" user="shashi2" uid="2891142" lat="22.6320352" lon="88.3574069"/>
 <node id="3617791534" visible="true" version="3" changeset="32847838" timestamp="2015-07-24T12:07:34Z" user="shashi2" uid="2891142" lat="22.6320604" lon="88.3574696"/>
 <node id="3639194119" visible="true" version="2" changeset="32847838" timestamp="2015-07-24T12:07:34Z" user="shashi2" uid="2891142" lat="22.7079312" lon="88.3650020"/>
 <node id="3664449419" visible="true" version="1" changeset="32847838" timestamp="2015-07-24T12:06:09Z" user="shashi2" uid="2891142" lat="22.6486602" lon="88.3511497"/>
 <node id="3664519086" visible="true" version="1" changeset="32848909" timestamp="2015-07-24T13:03:30Z" user="shashi2" uid="2891142" lat="22.6542026" lon="88.3570224"/>
 <node id="3664519087" visible="true" version="1" changeset="32848909" timestamp="2015-07-24T13:03:30Z" user="shashi2" uid="2891142" lat="22.6555741" lon="88.3568910"/>
 <node id="3668143228" visible="true" version="1" changeset="32902612" timestamp="2015-07-27T07:16:59Z" user="maheshrkm" uid="2897465" lat="22.6403269" lon="88.3615273"/>
 <node id="3668143231" visible="true" version="1" changeset="32902612" timestamp="2015-07-27T07:16:59Z" user="maheshrkm" uid="2897465" lat="22.6413567" lon="88.3610908"/>
 <node id="3668143250" visible="true" version="1" changeset="32902612" timestamp="2015-07-27T07:16:59Z" user="maheshrkm" uid="2897465" lat="22.6417572" lon="88.3606052"/>
 <node id="3668143270" visible="true" version="1" changeset="32902612" timestamp="2015-07-27T07:17:00Z" user="maheshrkm" uid="2897465" lat="22.6420194" lon="88.3604193"/>
 <node id="3668143288" visible="true" version="1" changeset="32902612" timestamp="2015-07-27T07:17:00Z" user="maheshrkm" uid="2897465" lat="22.6422940" lon="88.3603250"/>
 <node id="3668143335" visible="true" version="1" changeset="32902612" timestamp="2015-07-27T07:17:00Z" user="maheshrkm" uid="2897465" lat="22.6427513" lon="88.3603264"/>
 <node id="3668143365" visible="true" version="1" changeset="32902612" timestamp="2015-07-27T07:17:01Z" user="maheshrkm" uid="2897465" lat="22.6434368" lon="88.3599912"/>
 <node id="3668145619" visible="true" version="1" changeset="32902612" timestamp="2015-07-27T07:17:21Z" user="maheshrkm" uid="2897465" lat="22.6603046" lon="88.3565791"/>
 <node id="3668145966" visible="true" version="1" changeset="32902612" timestamp="2015-07-27T07:17:26Z" user="maheshrkm" uid="2897465" lat="22.6641611" lon="88.3571321"/>
 <node id="3668146443" visible="true" version="1" changeset="32902612" timestamp="2015-07-27T07:17:32Z" user="maheshrkm" uid="2897465" lat="22.6690418" lon="88.3591906"/>
 <node id="3668146444" visible="true" version="1" changeset="32902612" timestamp="2015-07-27T07:17:32Z" user="maheshrkm" uid="2897465" lat="22.6705719" lon="88.3600054"/>
 <node id="3756846079" visible="true" version="4" changeset="118473498" timestamp="2022-03-14T14:57:36Z" user="VLD257" uid="10979441" lat="22.8645144" lon="88.3764345"/>
 <node id="3818853415" visible="true" version="1" changeset="35104497" timestamp="2015-11-05T15:35:38Z" user="Regicollis" uid="2847492" lat="22.7582434" lon="88.3434654"/>
 <node id="3843270115" visible="true" version="1" changeset="35416178" timestamp="2015-11-18T19:07:13Z" user="jaimemd" uid="404532" lat="22.6551243" lon="88.3499086"/>
 <node id="3884407928" visible="true" version="1" changeset="35841364" timestamp="2015-12-09T08:58:44Z" user="jaimemd" uid="404532" lat="22.7748780" lon="88.3305392"/>
 <node id="3884407952" visible="true" version="1" changeset="35841364" timestamp="2015-12-09T08:58:45Z" user="jaimemd" uid="404532" lat="22.7757275" lon="88.3303251"/>
 <node id="4007706301" visible="true" version="2" changeset="86607359" timestamp="2020-06-13T19:53:57Z" user="AniB88" uid="11290879" lat="22.5579871" lon="88.2733188"/>
 <node id="4007706305" visible="true" version="1" changeset="37227547" timestamp="2016-02-15T15:51:10Z" user="Ortsangabe" uid="3431079" lat="22.5585291" lon="88.2707774"/>
 <node id="4007706306" visible="true" version="1" changeset="37227547" timestamp="2016-02-15T15:51:10Z" user="Ortsangabe" uid="3431079" lat="22.5585688" lon="88.2709639"/>
 <node id="4007706308" visible="true" version="1" changeset="37227547" timestamp="2016-02-15T15:51:10Z" user="Ortsangabe" uid="3431079" lat="22.5586232" lon="88.2706890"/>
 <node id="4007706309" visible="true" version="1" changeset="37227547" timestamp="2016-02-15T15:51:10Z" user="Ortsangabe" uid="3431079" lat="22.5586318" lon="88.2712595"/>
 <node id="4007706311" visible="true" version="1" changeset="37227547" timestamp="2016-02-15T15:51:10Z" user="Ortsangabe" uid="3431079" lat="22.5587119" lon="88.2703283"/>
 <node id="4007706314" visible="true" version="1" changeset="37227547" timestamp="2016-02-15T15:51:10Z" user="Ortsangabe" uid="3431079" lat="22.5589400" lon="88.2698874"/>
 <node id="4007706316" visible="true" version="1" changeset="37227547" timestamp="2016-02-15T15:51:10Z" user="Ortsangabe" uid="3431079" lat="22.5589681" lon="88.2694256"/>
 <node id="4007706324" visible="true" version="1" changeset="37227547" timestamp="2016-02-15T15:51:10Z" user="Ortsangabe" uid="3431079" lat="22.5592389" lon="88.2687952"/>
 <node id="4007706348" visible="true" version="1" changeset="37227547" timestamp="2016-02-15T15:51:11Z" user="Ortsangabe" uid="3431079" lat="22.5601230" lon="88.2659398"/>
 <node id="4007706356" visible="true" version="1" changeset="37227547" timestamp="2016-02-15T15:51:11Z" user="Ortsangabe" uid="3431079" lat="22.5607425" lon="88.2649218"/>
 <node id="4007706405" visible="true" version="1" changeset="37227547" timestamp="2016-02-15T15:51:12Z" user="Ortsangabe" uid="3431079" lat="22.5646398" lon="88.2526609"/>
 <node id="4007706407" visible="true" version="1" changeset="37227547" timestamp="2016-02-15T15:51:12Z" user="Ortsangabe" uid="3431079" lat="22.5646436" lon="88.2523744"/>
 <node id="4011608791" visible="true" version="1" changeset="37273841" timestamp="2016-02-17T19:16:39Z" user="Ortsangabe" uid="3431079" lat="22.9106793" lon="88.3997638"/>
 <node id="4011608817" visible="true" version="1" changeset="37273841" timestamp="2016-02-17T19:16:39Z" user="Ortsangabe" uid="3431079" lat="22.9164827" lon="88.3994175"/>
 <node id="4011608818" visible="true" version="1" changeset="37273841" timestamp="2016-02-17T19:16:39Z" user="Ortsangabe" uid="3431079" lat="22.9173903" lon="88.3992502"/>
 <node id="4271095805" visible="true" version="1" changeset="40359056" timestamp="2016-06-29T06:56:59Z" user="Prosen_2s" uid="3954920" lat="22.5565935" lon="88.2426156"/>
 <node id="4271095806" visible="true" version="1" changeset="40359056" timestamp="2016-06-29T06:56:59Z" user="Prosen_2s" uid="3954920" lat="22.5568834" lon="88.2427693"/>
 <node id="4271095807" visible="true" version="1" changeset="40359056" timestamp="2016-06-29T06:56:59Z" user="Prosen_2s" uid="3954920" lat="22.5570716" lon="88.2429317"/>
 <node id="4271095808" visible="true" version="1" changeset="40359056" timestamp="2016-06-29T06:56:59Z" user="Prosen_2s" uid="3954920" lat="22.5573714" lon="88.2433474"/>
 <node id="4271095809" visible="true" version="1" changeset="40359056" timestamp="2016-06-29T06:56:59Z" user="Prosen_2s" uid="3954920" lat="22.5578334" lon="88.2441867"/>
 <node id="4271095810" visible="true" version="1" changeset="40359056" timestamp="2016-06-29T06:56:59Z" user="Prosen_2s" uid="3954920" lat="22.5578453" lon="88.2442758"/>
 <node id="4271095811" visible="true" version="1" changeset="40359056" timestamp="2016-06-29T06:56:59Z" user="Prosen_2s" uid="3954920" lat="22.5580214" lon="88.2448859"/>
 <node id="4271095812" visible="true" version="1" changeset="40359056" timestamp="2016-06-29T06:56:59Z" user="Prosen_2s" uid="3954920" lat="22.5581845" lon="88.2454917"/>
 <node id="4271095813" visible="true" version="1" changeset="40359056" timestamp="2016-06-29T06:56:59Z" user="Prosen_2s" uid="3954920" lat="22.5584364" lon="88.2464268"/>
 <node id="4271095814" visible="true" version="1" changeset="40359056" timestamp="2016-06-29T06:56:59Z" user="Prosen_2s" uid="3954920" lat="22.5585752" lon="88.2470453"/>
 <node id="4271095815" visible="true" version="1" changeset="40359056" timestamp="2016-06-29T06:56:59Z" user="Prosen_2s" uid="3954920" lat="22.5586310" lon="88.2474787"/>
 <node id="4271095816" visible="true" version="1" changeset="40359056" timestamp="2016-06-29T06:56:59Z" user="Prosen_2s" uid="3954920" lat="22.5587426" lon="88.2480345"/>
 <node id="4271095817" visible="true" version="1" changeset="40359056" timestamp="2016-06-29T06:56:59Z" user="Prosen_2s" uid="3954920" lat="22.5587967" lon="88.2486992"/>
 <node id="4271095818" visible="true" version="1" changeset="40359056" timestamp="2016-06-29T06:56:59Z" user="Prosen_2s" uid="3954920" lat="22.5589000" lon="88.2489754"/>
 <node id="4271095819" visible="true" version="1" changeset="40359056" timestamp="2016-06-29T06:56:59Z" user="Prosen_2s" uid="3954920" lat="22.5589853" lon="88.2492119"/>
 <node id="4271095820" visible="true" version="1" changeset="40359056" timestamp="2016-06-29T06:56:59Z" user="Prosen_2s" uid="3954920" lat="22.5589893" lon="88.2494069"/>
 <node id="4271095821" visible="true" version="1" changeset="40359056" timestamp="2016-06-29T06:56:59Z" user="Prosen_2s" uid="3954920" lat="22.5589935" lon="88.2493013"/>
 <node id="4271095822" visible="true" version="1" changeset="40359056" timestamp="2016-06-29T06:56:59Z" user="Prosen_2s" uid="3954920" lat="22.5587815" lon="88.2501415"/>
 <node id="4271095823" visible="true" version="1" changeset="40359056" timestamp="2016-06-29T06:57:00Z" user="Prosen_2s" uid="3954920" lat="22.5587358" lon="88.2502211"/>
 <node id="4271095824" visible="true" version="1" changeset="40359056" timestamp="2016-06-29T06:57:00Z" user="Prosen_2s" uid="3954920" lat="22.5586164" lon="88.2502715"/>
 <node id="4271095825" visible="true" version="1" changeset="40359056" timestamp="2016-06-29T06:57:00Z" user="Prosen_2s" uid="3954920" lat="22.5586437" lon="88.2507932"/>
 <node id="4271095826" visible="true" version="1" changeset="40359056" timestamp="2016-06-29T06:57:00Z" user="Prosen_2s" uid="3954920" lat="22.5586510" lon="88.2506471"/>
 <node id="4271095827" visible="true" version="1" changeset="40359056" timestamp="2016-06-29T06:57:00Z" user="Prosen_2s" uid="3954920" lat="22.5585976" lon="88.2504756"/>
 <node id="4271095828" visible="true" version="1" changeset="40359056" timestamp="2016-06-29T06:57:00Z" user="Prosen_2s" uid="3954920" lat="22.5585638" lon="88.2504139"/>
 <node id="4271095829" visible="true" version="1" changeset="40359056" timestamp="2016-06-29T06:57:00Z" user="Prosen_2s" uid="3954920" lat="22.5585643" lon="88.2503232"/>
 <node id="4271095830" visible="true" version="1" changeset="40359056" timestamp="2016-06-29T06:57:00Z" user="Prosen_2s" uid="3954920" lat="22.5586202" lon="88.2509373"/>
 <node id="4271095831" visible="true" version="1" changeset="40359056" timestamp="2016-06-29T06:57:00Z" user="Prosen_2s" uid="3954920" lat="22.5585392" lon="88.2510818"/>
 <node id="4271095832" visible="true" version="1" changeset="40359056" timestamp="2016-06-29T06:57:00Z" user="Prosen_2s" uid="3954920" lat="22.5586110" lon="88.2512298"/>
 <node id="4271095833" visible="true" version="1" changeset="40359056" timestamp="2016-06-29T06:57:00Z" user="Prosen_2s" uid="3954920" lat="22.5586328" lon="88.2513756"/>
 <node id="4271095834" visible="true" version="1" changeset="40359056" timestamp="2016-06-29T06:57:00Z" user="Prosen_2s" uid="3954920" lat="22.5585832" lon="88.2516112"/>
 <node id="4271095835" visible="true" version="1" changeset="40359056" timestamp="2016-06-29T06:57:00Z" user="Prosen_2s" uid="3954920" lat="22.5584523" lon="88.2523010"/>
 <node id="4271095836" visible="true" version="1" changeset="40359056" timestamp="2016-06-29T06:57:00Z" user="Prosen_2s" uid="3954920" lat="22.5583796" lon="88.2525666"/>
 <node id="4271095837" visible="true" version="1" changeset="40359056" timestamp="2016-06-29T06:57:00Z" user="Prosen_2s" uid="3954920" lat="22.5582473" lon="88.2528234"/>
 <node id="4271095838" visible="true" version="1" changeset="40359056" timestamp="2016-06-29T06:57:00Z" user="Prosen_2s" uid="3954920" lat="22.5581701" lon="88.2531629"/>
 <node id="4271095839" visible="true" version="1" changeset="40359056" timestamp="2016-06-29T06:57:00Z" user="Prosen_2s" uid="3954920" lat="22.5581460" lon="88.2539183"/>
 <node id="4271095840" visible="true" version="1" changeset="40359056" timestamp="2016-06-29T06:57:00Z" user="Prosen_2s" uid="3954920" lat="22.5582213" lon="88.2536025"/>
 <node id="4271095841" visible="true" version="1" changeset="40359056" timestamp="2016-06-29T06:57:00Z" user="Prosen_2s" uid="3954920" lat="22.5580758" lon="88.2543777"/>
 <node id="4271095842" visible="true" version="1" changeset="40359056" timestamp="2016-06-29T06:57:00Z" user="Prosen_2s" uid="3954920" lat="22.5579459" lon="88.2547847"/>
 <node id="4271095843" visible="true" version="1" changeset="40359056" timestamp="2016-06-29T06:57:00Z" user="Prosen_2s" uid="3954920" lat="22.5577757" lon="88.2552415"/>
 <node id="4271095844" visible="true" version="1" changeset="40359056" timestamp="2016-06-29T06:57:00Z" user="Prosen_2s" uid="3954920" lat="22.5577233" lon="88.2557248"/>
 <node id="4271095845" visible="true" version="1" changeset="40359056" timestamp="2016-06-29T06:57:00Z" user="Prosen_2s" uid="3954920" lat="22.5577407" lon="88.2554069"/>
 <node id="4271095846" visible="true" version="2" changeset="117846579" timestamp="2022-02-25T11:56:10Z" user="VLD260" uid="10979445" lat="22.5575774" lon="88.2565523"/>
 <node id="4271095847" visible="true" version="2" changeset="117846579" timestamp="2022-02-25T11:56:10Z" user="VLD260" uid="10979445" lat="22.5574103" lon="88.2575769"/>
 <node id="4271095848" visible="true" version="2" changeset="117846579" timestamp="2022-02-25T11:56:10Z" user="VLD260" uid="10979445" lat="22.5574887" lon="88.2570586"/>
 <node id="4271095849" visible="true" version="1" changeset="40359056" timestamp="2016-06-29T06:57:00Z" user="Prosen_2s" uid="3954920" lat="22.5573855" lon="88.2577004"/>
 <node id="4271095850" visible="true" version="1" changeset="40359056" timestamp="2016-06-29T06:57:00Z" user="Prosen_2s" uid="3954920" lat="22.5571818" lon="88.2587394"/>
 <node id="4271095851" visible="true" version="1" changeset="40359056" timestamp="2016-06-29T06:57:00Z" user="Prosen_2s" uid="3954920" lat="22.5568587" lon="88.2602886"/>
 <node id="4271095852" visible="true" version="1" changeset="40359056" timestamp="2016-06-29T06:57:00Z" user="Prosen_2s" uid="3954920" lat="22.5566723" lon="88.2610520"/>
 <node id="4271095853" visible="true" version="1" changeset="40359056" timestamp="2016-06-29T06:57:00Z" user="Prosen_2s" uid="3954920" lat="22.5563862" lon="88.2623776"/>
 <node id="4271095854" visible="true" version="1" changeset="40359056" timestamp="2016-06-29T06:57:00Z" user="Prosen_2s" uid="3954920" lat="22.5562122" lon="88.2630087"/>
 <node id="4271095855" visible="true" version="1" changeset="40359056" timestamp="2016-06-29T06:57:00Z" user="Prosen_2s" uid="3954920" lat="22.5563053" lon="88.2622868"/>
 <node id="4271095856" visible="true" version="1" changeset="40359056" timestamp="2016-06-29T06:57:00Z" user="Prosen_2s" uid="3954920" lat="22.5564728" lon="88.2616689"/>
 <node id="4271095857" visible="true" version="1" changeset="40359056" timestamp="2016-06-29T06:57:00Z" user="Prosen_2s" uid="3954920" lat="22.5565628" lon="88.2613438"/>
 <node id="4271095858" visible="true" version="1" changeset="40359056" timestamp="2016-06-29T06:57:00Z" user="Prosen_2s" uid="3954920" lat="22.5565560" lon="88.2611362"/>
 <node id="4271095859" visible="true" version="1" changeset="40359056" timestamp="2016-06-29T06:57:00Z" user="Prosen_2s" uid="3954920" lat="22.5565194" lon="88.2612931"/>
 <node id="4271095864" visible="true" version="1" changeset="40359056" timestamp="2016-06-29T06:57:00Z" user="Prosen_2s" uid="3954920" lat="22.5564491" lon="88.2426448"/>
 <node id="4271095865" visible="true" version="1" changeset="40359056" timestamp="2016-06-29T06:57:00Z" user="Prosen_2s" uid="3954920" lat="22.5562978" lon="88.2426237"/>
 <node id="4271095866" visible="true" version="1" changeset="40359056" timestamp="2016-06-29T06:57:00Z" user="Prosen_2s" uid="3954920" lat="22.5558456" lon="88.2423622"/>
 <node id="4271095867" visible="true" version="1" changeset="40359056" timestamp="2016-06-29T06:57:00Z" user="Prosen_2s" uid="3954920" lat="22.5554544" lon="88.2422745"/>
 <node id="4271095868" visible="true" version="1" changeset="40359056" timestamp="2016-06-29T06:57:00Z" user="Prosen_2s" uid="3954920" lat="22.5550712" lon="88.2421847"/>
 <node id="4271095869" visible="true" version="1" changeset="40359056" timestamp="2016-06-29T06:57:00Z" user="Prosen_2s" uid="3954920" lat="22.5548619" lon="88.2421965"/>
 <node id="4271095870" visible="true" version="1" changeset="40359056" timestamp="2016-06-29T06:57:00Z" user="Prosen_2s" uid="3954920" lat="22.5538661" lon="88.2426028"/>
 <node id="4271095871" visible="true" version="1" changeset="40359056" timestamp="2016-06-29T06:57:00Z" user="Prosen_2s" uid="3954920" lat="22.5526526" lon="88.2434010"/>
 <node id="4271095872" visible="true" version="1" changeset="40359056" timestamp="2016-06-29T06:57:00Z" user="Prosen_2s" uid="3954920" lat="22.5535363" lon="88.2428258"/>
 <node id="4284252633" visible="true" version="1" changeset="40501288" timestamp="2016-07-05T14:23:51Z" user="Prosen_2s" uid="3954920" lat="22.5580783" lon="88.2454208"/>
 <node id="4284252634" visible="true" version="1" changeset="40501288" timestamp="2016-07-05T14:23:51Z" user="Prosen_2s" uid="3954920" lat="22.5580371" lon="88.2449653"/>
 <node id="4284252635" visible="true" version="1" changeset="40501288" timestamp="2016-07-05T14:23:51Z" user="Prosen_2s" uid="3954920" lat="22.5579593" lon="88.2450533"/>
 <node id="4284252636" visible="true" version="1" changeset="40501288" timestamp="2016-07-05T14:23:51Z" user="Prosen_2s" uid="3954920" lat="22.5577675" lon="88.2451781"/>
 <node id="4284252637" visible="true" version="1" changeset="40501288" timestamp="2016-07-05T14:23:51Z" user="Prosen_2s" uid="3954920" lat="22.5579145" lon="88.2453845"/>
 <node id="4284252638" visible="true" version="1" changeset="40501288" timestamp="2016-07-05T14:23:51Z" user="Prosen_2s" uid="3954920" lat="22.5577685" lon="88.2453817"/>
 <node id="4284252639" visible="true" version="1" changeset="40501288" timestamp="2016-07-05T14:23:51Z" user="Prosen_2s" uid="3954920" lat="22.5576467" lon="88.2453375"/>
 <node id="4284252640" visible="true" version="1" changeset="40501288" timestamp="2016-07-05T14:23:51Z" user="Prosen_2s" uid="3954920" lat="22.5576562" lon="88.2454394"/>
 <node id="4284252641" visible="true" version="1" changeset="40501288" timestamp="2016-07-05T14:23:51Z" user="Prosen_2s" uid="3954920" lat="22.5576746" lon="88.2452722"/>
 <node id="4335675780" visible="true" version="1" changeset="41241718" timestamp="2016-08-04T16:24:38Z" user="Prosen_2s" uid="3954920" lat="22.5560235" lon="88.2642070"/>
 <node id="4335675781" visible="true" version="1" changeset="41241718" timestamp="2016-08-04T16:24:38Z" user="Prosen_2s" uid="3954920" lat="22.5559492" lon="88.2645261"/>
 <node id="4335675782" visible="true" version="1" changeset="41241718" timestamp="2016-08-04T16:24:38Z" user="Prosen_2s" uid="3954920" lat="22.5558972" lon="88.2649665"/>
 <node id="4335675783" visible="true" version="1" changeset="41241718" timestamp="2016-08-04T16:24:38Z" user="Prosen_2s" uid="3954920" lat="22.5558817" lon="88.2650916"/>
 <node id="4335675784" visible="true" version="1" changeset="41241718" timestamp="2016-08-04T16:24:38Z" user="Prosen_2s" uid="3954920" lat="22.5557881" lon="88.2657258"/>
 <node id="4335675785" visible="true" version="1" changeset="41241718" timestamp="2016-08-04T16:24:38Z" user="Prosen_2s" uid="3954920" lat="22.5557166" lon="88.2662863"/>
 <node id="4335675786" visible="true" version="1" changeset="41241718" timestamp="2016-08-04T16:24:38Z" user="Prosen_2s" uid="3954920" lat="22.5556366" lon="88.2670009"/>
 <node id="4335675787" visible="true" version="1" changeset="41241718" timestamp="2016-08-04T16:24:38Z" user="Prosen_2s" uid="3954920" lat="22.5555661" lon="88.2673438"/>
 <node id="4335675788" visible="true" version="1" changeset="41241718" timestamp="2016-08-04T16:24:38Z" user="Prosen_2s" uid="3954920" lat="22.5555045" lon="88.2676107"/>
 <node id="4335676589" visible="true" version="1" changeset="41241718" timestamp="2016-08-04T16:24:38Z" user="Prosen_2s" uid="3954920" lat="22.5555228" lon="88.2674028"/>
 <node id="4335676590" visible="true" version="1" changeset="41241718" timestamp="2016-08-04T16:24:38Z" user="Prosen_2s" uid="3954920" lat="22.5553509" lon="88.2683061"/>
 <node id="4335676591" visible="true" version="1" changeset="41241718" timestamp="2016-08-04T16:24:38Z" user="Prosen_2s" uid="3954920" lat="22.5554550" lon="88.2678257"/>
 <node id="4335676592" visible="true" version="1" changeset="41241718" timestamp="2016-08-04T16:24:38Z" user="Prosen_2s" uid="3954920" lat="22.5551487" lon="88.2692547"/>
 <node id="4335676593" visible="true" version="1" changeset="41241718" timestamp="2016-08-04T16:24:39Z" user="Prosen_2s" uid="3954920" lat="22.5549721" lon="88.2701340"/>
 <node id="4335676594" visible="true" version="1" changeset="41241718" timestamp="2016-08-04T16:24:39Z" user="Prosen_2s" uid="3954920" lat="22.5550010" lon="88.2699758"/>
 <node id="4335676595" visible="true" version="1" changeset="41241718" timestamp="2016-08-04T16:24:39Z" user="Prosen_2s" uid="3954920" lat="22.5549728" lon="88.2698303"/>
 <node id="4335676596" visible="true" version="1" changeset="41241718" timestamp="2016-08-04T16:24:39Z" user="Prosen_2s" uid="3954920" lat="22.5551263" lon="88.2693549"/>
 <node id="4335676597" visible="true" version="1" changeset="41241718" timestamp="2016-08-04T16:24:39Z" user="Prosen_2s" uid="3954920" lat="22.5552934" lon="88.2692946"/>
 <node id="4335676598" visible="true" version="1" changeset="41241718" timestamp="2016-08-04T16:24:39Z" user="Prosen_2s" uid="3954920" lat="22.5552710" lon="88.2693947"/>
 <node id="4335676599" visible="true" version="1" changeset="41241718" timestamp="2016-08-04T16:24:39Z" user="Prosen_2s" uid="3954920" lat="22.5550737" lon="88.2694686"/>
 <node id="4335676600" visible="true" version="1" changeset="41241718" timestamp="2016-08-04T16:24:39Z" user="Prosen_2s" uid="3954920" lat="22.5549804" lon="88.2695015"/>
 <node id="4335676601" visible="true" version="1" changeset="41241718" timestamp="2016-08-04T16:24:39Z" user="Prosen_2s" uid="3954920" lat="22.5548998" lon="88.2697329"/>
 <node id="4335676602" visible="true" version="1" changeset="41241718" timestamp="2016-08-04T16:24:39Z" user="Prosen_2s" uid="3954920" lat="22.5549135" lon="88.2695980"/>
 <node id="4335676603" visible="true" version="1" changeset="41241718" timestamp="2016-08-04T16:24:39Z" user="Prosen_2s" uid="3954920" lat="22.5549081" lon="88.2704109"/>
 <node id="4335676604" visible="true" version="1" changeset="41241718" timestamp="2016-08-04T16:24:39Z" user="Prosen_2s" uid="3954920" lat="22.5548432" lon="88.2705169"/>
 <node id="4335676605" visible="true" version="1" changeset="41241718" timestamp="2016-08-04T16:24:39Z" user="Prosen_2s" uid="3954920" lat="22.5547577" lon="88.2707594"/>
 <node id="4335676606" visible="true" version="1" changeset="41241718" timestamp="2016-08-04T16:24:39Z" user="Prosen_2s" uid="3954920" lat="22.5549547" lon="88.2708384"/>
 <node id="4335676607" visible="true" version="1" changeset="41241718" timestamp="2016-08-04T16:24:39Z" user="Prosen_2s" uid="3954920" lat="22.5548077" lon="88.2711760"/>
 <node id="4335676608" visible="true" version="1" changeset="41241718" timestamp="2016-08-04T16:24:39Z" user="Prosen_2s" uid="3954920" lat="22.5548374" lon="88.2711263"/>
 <node id="4335676609" visible="true" version="1" changeset="41241718" timestamp="2016-08-04T16:24:39Z" user="Prosen_2s" uid="3954920" lat="22.5548568" lon="88.2710634"/>
 <node id="4335676610" visible="true" version="1" changeset="41241718" timestamp="2016-08-04T16:24:39Z" user="Prosen_2s" uid="3954920" lat="22.5549121" lon="88.2709553"/>
 <node id="4335676611" visible="true" version="1" changeset="41241718" timestamp="2016-08-04T16:24:39Z" user="Prosen_2s" uid="3954920" lat="22.5547788" lon="88.2709051"/>
 <node id="4335676612" visible="true" version="1" changeset="41241718" timestamp="2016-08-04T16:24:39Z" user="Prosen_2s" uid="3954920" lat="22.5547693" lon="88.2710247"/>
 <node id="4335676613" visible="true" version="1" changeset="41241718" timestamp="2016-08-04T16:24:39Z" user="Prosen_2s" uid="3954920" lat="22.5546276" lon="88.2713386"/>
 <node id="4335676614" visible="true" version="1" changeset="41241718" timestamp="2016-08-04T16:24:39Z" user="Prosen_2s" uid="3954920" lat="22.5547135" lon="88.2711809"/>
 <node id="4335676615" visible="true" version="1" changeset="41241718" timestamp="2016-08-04T16:24:39Z" user="Prosen_2s" uid="3954920" lat="22.5546675" lon="88.2711768"/>
 <node id="4335676616" visible="true" version="1" changeset="41241718" timestamp="2016-08-04T16:24:39Z" user="Prosen_2s" uid="3954920" lat="22.5546322" lon="88.2711285"/>
 <node id="4335676617" visible="true" version="1" changeset="41241718" timestamp="2016-08-04T16:24:39Z" user="Prosen_2s" uid="3954920" lat="22.5545619" lon="88.2711076"/>
 <node id="4335676618" visible="true" version="1" changeset="41241718" timestamp="2016-08-04T16:24:39Z" user="Prosen_2s" uid="3954920" lat="22.5545685" lon="88.2712065"/>
 <node id="4335676619" visible="true" version="1" changeset="41241718" timestamp="2016-08-04T16:24:39Z" user="Prosen_2s" uid="3954920" lat="22.5545559" lon="88.2713222"/>
 <node id="4335676620" visible="true" version="1" changeset="41241718" timestamp="2016-08-04T16:24:39Z" user="Prosen_2s" uid="3954920" lat="22.5545602" lon="88.2712341"/>
 <node id="4335676621" visible="true" version="1" changeset="41241718" timestamp="2016-08-04T16:24:39Z" user="Prosen_2s" uid="3954920" lat="22.5544975" lon="88.2712945"/>
 <node id="4335676622" visible="true" version="1" changeset="41241718" timestamp="2016-08-04T16:24:39Z" user="Prosen_2s" uid="3954920" lat="22.5546338" lon="88.2714143"/>
 <node id="4335676623" visible="true" version="1" changeset="41241718" timestamp="2016-08-04T16:24:39Z" user="Prosen_2s" uid="3954920" lat="22.5546403" lon="88.2715323"/>
 <node id="4335676624" visible="true" version="1" changeset="41241718" timestamp="2016-08-04T16:24:39Z" user="Prosen_2s" uid="3954920" lat="22.5545713" lon="88.2717920"/>
 <node id="4335676625" visible="true" version="1" changeset="41241718" timestamp="2016-08-04T16:24:39Z" user="Prosen_2s" uid="3954920" lat="22.5546168" lon="88.2718197"/>
 <node id="4335676626" visible="true" version="1" changeset="41241718" timestamp="2016-08-04T16:24:39Z" user="Prosen_2s" uid="3954920" lat="22.5545924" lon="88.2719162"/>
 <node id="4335676627" visible="true" version="1" changeset="41241718" timestamp="2016-08-04T16:24:39Z" user="Prosen_2s" uid="3954920" lat="22.5545427" lon="88.2719157"/>
 <node id="4335676628" visible="true" version="1" changeset="41241718" timestamp="2016-08-04T16:24:39Z" user="Prosen_2s" uid="3954920" lat="22.5544785" lon="88.2721025"/>
 <node id="4335676629" visible="true" version="1" changeset="41241718" timestamp="2016-08-04T16:24:39Z" user="Prosen_2s" uid="3954920" lat="22.5544134" lon="88.2722096"/>
 <node id="4335676630" visible="true" version="1" changeset="41241718" timestamp="2016-08-04T16:24:39Z" user="Prosen_2s" uid="3954920" lat="22.5543181" lon="88.2722618"/>
 <node id="4335676631" visible="true" version="1" changeset="41241718" timestamp="2016-08-04T16:24:39Z" user="Prosen_2s" uid="3954920" lat="22.5542455" lon="88.2722759"/>
 <node id="4335676632" visible="true" version="1" changeset="41241718" timestamp="2016-08-04T16:24:39Z" user="Prosen_2s" uid="3954920" lat="22.5542702" lon="88.2723447"/>
 <node id="4335676633" visible="true" version="1" changeset="41241718" timestamp="2016-08-04T16:24:39Z" user="Prosen_2s" uid="3954920" lat="22.5543288" lon="88.2724089"/>
 <node id="4335676634" visible="true" version="1" changeset="41241718" timestamp="2016-08-04T16:24:39Z" user="Prosen_2s" uid="3954920" lat="22.5543294" lon="88.2726291"/>
 <node id="4335676635" visible="true" version="1" changeset="41241718" timestamp="2016-08-04T16:24:39Z" user="Prosen_2s" uid="3954920" lat="22.5542179" lon="88.2726024"/>
 <node id="4335676636" visible="true" version="1" changeset="41241718" timestamp="2016-08-04T16:24:39Z" user="Prosen_2s" uid="3954920" lat="22.5542113" lon="88.2727653"/>
 <node id="4335676637" visible="true" version="1" changeset="41241718" timestamp="2016-08-04T16:24:39Z" user="Prosen_2s" uid="3954920" lat="22.5542335" lon="88.2728138"/>
 <node id="4335676638" visible="true" version="1" changeset="41241718" timestamp="2016-08-04T16:24:39Z" user="Prosen_2s" uid="3954920" lat="22.5542249" lon="88.2729312"/>
 <node id="4335676639" visible="true" version="1" changeset="41241718" timestamp="2016-08-04T16:24:39Z" user="Prosen_2s" uid="3954920" lat="22.5541302" lon="88.2732669"/>
 <node id="4335676640" visible="true" version="1" changeset="41241718" timestamp="2016-08-04T16:24:39Z" user="Prosen_2s" uid="3954920" lat="22.5539640" lon="88.2739364"/>
 <node id="4335676641" visible="true" version="1" changeset="41241718" timestamp="2016-08-04T16:24:39Z" user="Prosen_2s" uid="3954920" lat="22.5537095" lon="88.2750365"/>
 <node id="4335676642" visible="true" version="1" changeset="41241718" timestamp="2016-08-04T16:24:39Z" user="Prosen_2s" uid="3954920" lat="22.5535422" lon="88.2756876"/>
 <node id="4335676643" visible="true" version="1" changeset="41241718" timestamp="2016-08-04T16:24:39Z" user="Prosen_2s" uid="3954920" lat="22.5535303" lon="88.2757906"/>
 <node id="4335676644" visible="true" version="1" changeset="41241718" timestamp="2016-08-04T16:24:39Z" user="Prosen_2s" uid="3954920" lat="22.5535551" lon="88.2758300"/>
 <node id="4335676645" visible="true" version="1" changeset="41241718" timestamp="2016-08-04T16:24:39Z" user="Prosen_2s" uid="3954920" lat="22.5535605" lon="88.2758671"/>
 <node id="4335676646" visible="true" version="1" changeset="41241718" timestamp="2016-08-04T16:24:39Z" user="Prosen_2s" uid="3954920" lat="22.5533109" lon="88.2768853"/>
 <node id="4335676647" visible="true" version="1" changeset="41241718" timestamp="2016-08-04T16:24:39Z" user="Prosen_2s" uid="3954920" lat="22.5530893" lon="88.2777792"/>
 <node id="4335676648" visible="true" version="1" changeset="41241718" timestamp="2016-08-04T16:24:39Z" user="Prosen_2s" uid="3954920" lat="22.5530005" lon="88.2779267"/>
 <node id="4335676649" visible="true" version="1" changeset="41241718" timestamp="2016-08-04T16:24:39Z" user="Prosen_2s" uid="3954920" lat="22.5529580" lon="88.2780815"/>
 <node id="4335676650" visible="true" version="1" changeset="41241718" timestamp="2016-08-04T16:24:39Z" user="Prosen_2s" uid="3954920" lat="22.5528662" lon="88.2786873"/>
 <node id="4335676651" visible="true" version="1" changeset="41241718" timestamp="2016-08-04T16:24:39Z" user="Prosen_2s" uid="3954920" lat="22.5528392" lon="88.2788352"/>
 <node id="4335676652" visible="true" version="1" changeset="41241718" timestamp="2016-08-04T16:24:39Z" user="Prosen_2s" uid="3954920" lat="22.5527541" lon="88.2789644"/>
 <node id="4335676653" visible="true" version="1" changeset="41241718" timestamp="2016-08-04T16:24:39Z" user="Prosen_2s" uid="3954920" lat="22.5526883" lon="88.2791228"/>
 <node id="4335676654" visible="true" version="1" changeset="41241718" timestamp="2016-08-04T16:24:39Z" user="Prosen_2s" uid="3954920" lat="22.5525503" lon="88.2795571"/>
 <node id="4335676655" visible="true" version="1" changeset="41241718" timestamp="2016-08-04T16:24:39Z" user="Prosen_2s" uid="3954920" lat="22.5524327" lon="88.2800461"/>
 <node id="4335676656" visible="true" version="1" changeset="41241718" timestamp="2016-08-04T16:24:39Z" user="Prosen_2s" uid="3954920" lat="22.5523115" lon="88.2803310"/>
 <node id="4335676657" visible="true" version="1" changeset="41241718" timestamp="2016-08-04T16:24:39Z" user="Prosen_2s" uid="3954920" lat="22.5524558" lon="88.2803720"/>
 <node id="4335676658" visible="true" version="1" changeset="41241718" timestamp="2016-08-04T16:24:39Z" user="Prosen_2s" uid="3954920" lat="22.5525079" lon="88.2804618"/>
 <node id="4335676659" visible="true" version="1" changeset="41241718" timestamp="2016-08-04T16:24:39Z" user="Prosen_2s" uid="3954920" lat="22.5524565" lon="88.2805736"/>
 <node id="4335676660" visible="true" version="1" changeset="41241718" timestamp="2016-08-04T16:24:39Z" user="Prosen_2s" uid="3954920" lat="22.5524011" lon="88.2806317"/>
 <node id="4335676661" visible="true" version="1" changeset="41241718" timestamp="2016-08-04T16:24:39Z" user="Prosen_2s" uid="3954920" lat="22.5523097" lon="88.2806908"/>
 <node id="4335676662" visible="true" version="1" changeset="41241718" timestamp="2016-08-04T16:24:39Z" user="Prosen_2s" uid="3954920" lat="22.5522169" lon="88.2807205"/>
 <node id="4335676663" visible="true" version="1" changeset="41241718" timestamp="2016-08-04T16:24:39Z" user="Prosen_2s" uid="3954920" lat="22.5526020" lon="88.2800744"/>
 <node id="4335676664" visible="true" version="1" changeset="41241718" timestamp="2016-08-04T16:24:39Z" user="Prosen_2s" uid="3954920" lat="22.5525351" lon="88.2800563"/>
 <node id="4335676665" visible="true" version="1" changeset="41241718" timestamp="2016-08-04T16:24:39Z" user="Prosen_2s" uid="3954920" lat="22.5522339" lon="88.2815830"/>
 <node id="4335676666" visible="true" version="1" changeset="41241718" timestamp="2016-08-04T16:24:39Z" user="Prosen_2s" uid="3954920" lat="22.5522341" lon="88.2815372"/>
 <node id="4335676667" visible="true" version="1" changeset="41241718" timestamp="2016-08-04T16:24:39Z" user="Prosen_2s" uid="3954920" lat="22.5522152" lon="88.2814982"/>
 <node id="4335676668" visible="true" version="1" changeset="41241718" timestamp="2016-08-04T16:24:39Z" user="Prosen_2s" uid="3954920" lat="22.5521980" lon="88.2814809"/>
 <node id="4335676669" visible="true" version="1" changeset="41241718" timestamp="2016-08-04T16:24:39Z" user="Prosen_2s" uid="3954920" lat="22.5519311" lon="88.2813910"/>
 <node id="4335676670" visible="true" version="1" changeset="41241718" timestamp="2016-08-04T16:24:39Z" user="Prosen_2s" uid="3954920" lat="22.5521338" lon="88.2807274"/>
 <node id="4335676671" visible="true" version="1" changeset="41241718" timestamp="2016-08-04T16:24:39Z" user="Prosen_2s" uid="3954920" lat="22.5521002" lon="88.2807286"/>
 <node id="4335676672" visible="true" version="1" changeset="41241718" timestamp="2016-08-04T16:24:40Z" user="Prosen_2s" uid="3954920" lat="22.5519582" lon="88.2829514"/>
 <node id="4335676673" visible="true" version="1" changeset="41241718" timestamp="2016-08-04T16:24:40Z" user="Prosen_2s" uid="3954920" lat="22.5520640" lon="88.2823120"/>
 <node id="4335676674" visible="true" version="1" changeset="41241718" timestamp="2016-08-04T16:24:40Z" user="Prosen_2s" uid="3954920" lat="22.5521880" lon="88.2818754"/>
 <node id="4335676675" visible="true" version="1" changeset="41241718" timestamp="2016-08-04T16:24:40Z" user="Prosen_2s" uid="3954920" lat="22.5521114" lon="88.2817838"/>
 <node id="4335676676" visible="true" version="1" changeset="41241718" timestamp="2016-08-04T16:24:40Z" user="Prosen_2s" uid="3954920" lat="22.5520153" lon="88.2818258"/>
 <node id="4335676677" visible="true" version="1" changeset="41241718" timestamp="2016-08-04T16:24:40Z" user="Prosen_2s" uid="3954920" lat="22.5520904" lon="88.2815357"/>
 <node id="4335676678" visible="true" version="1" changeset="41241718" timestamp="2016-08-04T16:24:40Z" user="Prosen_2s" uid="3954920" lat="22.5521661" lon="88.2815585"/>
 <node id="4335676679" visible="true" version="1" changeset="41241718" timestamp="2016-08-04T16:24:40Z" user="Prosen_2s" uid="3954920" lat="22.5518680" lon="88.2832887"/>
 <node id="4335676680" visible="true" version="1" changeset="41241718" timestamp="2016-08-04T16:24:40Z" user="Prosen_2s" uid="3954920" lat="22.5518438" lon="88.2832487"/>
 <node id="4335676681" visible="true" version="1" changeset="41241718" timestamp="2016-08-04T16:24:40Z" user="Prosen_2s" uid="3954920" lat="22.5519199" lon="88.2829848"/>
 <node id="4335676682" visible="true" version="1" changeset="41241718" timestamp="2016-08-04T16:24:40Z" user="Prosen_2s" uid="3954920" lat="22.5518585" lon="88.2829859"/>
 <node id="4335676683" visible="true" version="1" changeset="41241718" timestamp="2016-08-04T16:24:40Z" user="Prosen_2s" uid="3954920" lat="22.5518132" lon="88.2832303"/>
 <node id="4335676684" visible="true" version="1" changeset="41241718" timestamp="2016-08-04T16:24:40Z" user="Prosen_2s" uid="3954920" lat="22.5516748" lon="88.2829251"/>
 <node id="4335676685" visible="true" version="1" changeset="41241718" timestamp="2016-08-04T16:24:40Z" user="Prosen_2s" uid="3954920" lat="22.5516117" lon="88.2831710"/>
 <node id="4335676686" visible="true" version="1" changeset="41241718" timestamp="2016-08-04T16:24:40Z" user="Prosen_2s" uid="3954920" lat="22.5518672" lon="88.2833597"/>
 <node id="4335676687" visible="true" version="1" changeset="41241718" timestamp="2016-08-04T16:24:40Z" user="Prosen_2s" uid="3954920" lat="22.5518429" lon="88.2834028"/>
 <node id="4335676688" visible="true" version="1" changeset="41241718" timestamp="2016-08-04T16:24:40Z" user="Prosen_2s" uid="3954920" lat="22.5517888" lon="88.2834545"/>
 <node id="4335676689" visible="true" version="1" changeset="41241718" timestamp="2016-08-04T16:24:40Z" user="Prosen_2s" uid="3954920" lat="22.5517134" lon="88.2834736"/>
 <node id="4335676690" visible="true" version="1" changeset="41241718" timestamp="2016-08-04T16:24:40Z" user="Prosen_2s" uid="3954920" lat="22.5516963" lon="88.2835294"/>
 <node id="4335676691" visible="true" version="1" changeset="41241718" timestamp="2016-08-04T16:24:40Z" user="Prosen_2s" uid="3954920" lat="22.5517609" lon="88.2835580"/>
 <node id="4335676692" visible="true" version="1" changeset="41241718" timestamp="2016-08-04T16:24:40Z" user="Prosen_2s" uid="3954920" lat="22.5517951" lon="88.2835865"/>
 <node id="4335676693" visible="true" version="1" changeset="41241718" timestamp="2016-08-04T16:24:40Z" user="Prosen_2s" uid="3954920" lat="22.5518213" lon="88.2836305"/>
 <node id="4335676694" visible="true" version="1" changeset="41241718" timestamp="2016-08-04T16:24:40Z" user="Prosen_2s" uid="3954920" lat="22.5518248" lon="88.2837125"/>
 <node id="4335676695" visible="true" version="1" changeset="41241718" timestamp="2016-08-04T16:24:40Z" user="Prosen_2s" uid="3954920" lat="22.5517966" lon="88.2838272"/>
 <node id="4335676696" visible="true" version="1" changeset="41241718" timestamp="2016-08-04T16:24:40Z" user="Prosen_2s" uid="3954920" lat="22.5517452" lon="88.2841922"/>
 <node id="4335676697" visible="true" version="1" changeset="41241718" timestamp="2016-08-04T16:24:40Z" user="Prosen_2s" uid="3954920" lat="22.5517473" lon="88.2841363"/>
 <node id="4335676698" visible="true" version="1" changeset="41241718" timestamp="2016-08-04T16:24:40Z" user="Prosen_2s" uid="3954920" lat="22.5517309" lon="88.2840835"/>
 <node id="4335676699" visible="true" version="1" changeset="41241718" timestamp="2016-08-04T16:24:40Z" user="Prosen_2s" uid="3954920" lat="22.5517026" lon="88.2840356"/>
 <node id="4335676700" visible="true" version="1" changeset="41241718" timestamp="2016-08-04T16:24:40Z" user="Prosen_2s" uid="3954920" lat="22.5517497" lon="88.2838404"/>
 <node id="4335676701" visible="true" version="1" changeset="41241718" timestamp="2016-08-04T16:24:40Z" user="Prosen_2s" uid="3954920" lat="22.5515772" lon="88.2837764"/>
 <node id="4335676702" visible="true" version="1" changeset="41241718" timestamp="2016-08-04T16:24:40Z" user="Prosen_2s" uid="3954920" lat="22.5515120" lon="88.2839644"/>
 <node id="4335676703" visible="true" version="1" changeset="41241718" timestamp="2016-08-04T16:24:40Z" user="Prosen_2s" uid="3954920" lat="22.5516707" lon="88.2845742"/>
 <node id="4335676704" visible="true" version="1" changeset="41241718" timestamp="2016-08-04T16:24:40Z" user="Prosen_2s" uid="3954920" lat="22.5517578" lon="88.2846091"/>
 <node id="4335676705" visible="true" version="1" changeset="41241718" timestamp="2016-08-04T16:24:40Z" user="Prosen_2s" uid="3954920" lat="22.5517208" lon="88.2847883"/>
 <node id="4335676706" visible="true" version="1" changeset="41241718" timestamp="2016-08-04T16:24:40Z" user="Prosen_2s" uid="3954920" lat="22.5517323" lon="88.2847231"/>
 <node id="4335676707" visible="true" version="1" changeset="41241718" timestamp="2016-08-04T16:24:40Z" user="Prosen_2s" uid="3954920" lat="22.5516930" lon="88.2847118"/>
 <node id="4335676708" visible="true" version="1" changeset="41241718" timestamp="2016-08-04T16:24:40Z" user="Prosen_2s" uid="3954920" lat="22.5516776" lon="88.2847765"/>
 <node id="4335676709" visible="true" version="1" changeset="41241718" timestamp="2016-08-04T16:24:40Z" user="Prosen_2s" uid="3954920" lat="22.5516918" lon="88.2848967"/>
 <node id="4335676710" visible="true" version="1" changeset="41241718" timestamp="2016-08-04T16:24:40Z" user="Prosen_2s" uid="3954920" lat="22.5516627" lon="88.2849403"/>
 <node id="4335676711" visible="true" version="1" changeset="41241718" timestamp="2016-08-04T16:24:40Z" user="Prosen_2s" uid="3954920" lat="22.5516264" lon="88.2849817"/>
 <node id="4335676712" visible="true" version="1" changeset="41241718" timestamp="2016-08-04T16:24:40Z" user="Prosen_2s" uid="3954920" lat="22.5515901" lon="88.2850106"/>
 <node id="4335676713" visible="true" version="1" changeset="41241718" timestamp="2016-08-04T16:24:40Z" user="Prosen_2s" uid="3954920" lat="22.5515355" lon="88.2850317"/>
 <node id="4335676714" visible="true" version="1" changeset="41241718" timestamp="2016-08-04T16:24:40Z" user="Prosen_2s" uid="3954920" lat="22.5514799" lon="88.2850344"/>
 <node id="4335676715" visible="true" version="1" changeset="41241718" timestamp="2016-08-04T16:24:40Z" user="Prosen_2s" uid="3954920" lat="22.5514064" lon="88.2850258"/>
 <node id="4335676716" visible="true" version="1" changeset="41241718" timestamp="2016-08-04T16:24:40Z" user="Prosen_2s" uid="3954920" lat="22.5511599" lon="88.2849498"/>
 <node id="4335676717" visible="true" version="1" changeset="41241718" timestamp="2016-08-04T16:24:40Z" user="Prosen_2s" uid="3954920" lat="22.5510965" lon="88.2851850"/>
 <node id="4335676718" visible="true" version="1" changeset="41241718" timestamp="2016-08-04T16:24:40Z" user="Prosen_2s" uid="3954920" lat="22.5513301" lon="88.2852657"/>
 <node id="4335676719" visible="true" version="1" changeset="41241718" timestamp="2016-08-04T16:24:40Z" user="Prosen_2s" uid="3954920" lat="22.5513141" lon="88.2853669"/>
 <node id="4335676720" visible="true" version="1" changeset="41241718" timestamp="2016-08-04T16:24:40Z" user="Prosen_2s" uid="3954920" lat="22.5513418" lon="88.2852796"/>
 <node id="4335676721" visible="true" version="1" changeset="41241718" timestamp="2016-08-04T16:24:40Z" user="Prosen_2s" uid="3954920" lat="22.5513596" lon="88.2854034"/>
 <node id="4335676722" visible="true" version="2" changeset="66052540" timestamp="2019-01-05T17:17:10Z" user="PlaneMad" uid="1306" lat="22.5512913" lon="88.2855838"/>
 <node id="4335676723" visible="true" version="1" changeset="41241718" timestamp="2016-08-04T16:24:40Z" user="Prosen_2s" uid="3954920" lat="22.5513811" lon="88.2857076"/>
 <node id="4335676724" visible="true" version="1" changeset="41241718" timestamp="2016-08-04T16:24:40Z" user="Prosen_2s" uid="3954920" lat="22.5514559" lon="88.2857244"/>
 <node id="4335676725" visible="true" version="1" changeset="41241718" timestamp="2016-08-04T16:24:40Z" user="Prosen_2s" uid="3954920" lat="22.5513025" lon="88.2864728"/>
 <node id="4335676726" visible="true" version="1" changeset="41241718" timestamp="2016-08-04T16:24:40Z" user="Prosen_2s" uid="3954920" lat="22.5512162" lon="88.2864547"/>
 <node id="4335676727" visible="true" version="1" changeset="41241718" timestamp="2016-08-04T16:24:40Z" user="Prosen_2s" uid="3954920" lat="22.5511363" lon="88.2872461"/>
 <node id="4335676728" visible="true" version="1" changeset="41241718" timestamp="2016-08-04T16:24:40Z" user="Prosen_2s" uid="3954920" lat="22.5511192" lon="88.2871409"/>
 <node id="4335676729" visible="true" version="1" changeset="41241718" timestamp="2016-08-04T16:24:40Z" user="Prosen_2s" uid="3954920" lat="22.5511110" lon="88.2869960"/>
 <node id="4335676730" visible="true" version="1" changeset="41241718" timestamp="2016-08-04T16:24:40Z" user="Prosen_2s" uid="3954920" lat="22.5510881" lon="88.2875163"/>
 <node id="4335676731" visible="true" version="1" changeset="41241718" timestamp="2016-08-04T16:24:40Z" user="Prosen_2s" uid="3954920" lat="22.5510534" lon="88.2877437"/>
 <node id="4335676732" visible="true" version="1" changeset="41241718" timestamp="2016-08-04T16:24:40Z" user="Prosen_2s" uid="3954920" lat="22.5509884" lon="88.2877294"/>
 <node id="4335676733" visible="true" version="1" changeset="41241718" timestamp="2016-08-04T16:24:40Z" user="Prosen_2s" uid="3954920" lat="22.5510328" lon="88.2875013"/>
 <node id="4335676734" visible="true" version="1" changeset="41241718" timestamp="2016-08-04T16:24:40Z" user="Prosen_2s" uid="3954920" lat="22.5509562" lon="88.2885581"/>
 <node id="4335676735" visible="true" version="1" changeset="41241718" timestamp="2016-08-04T16:24:40Z" user="Prosen_2s" uid="3954920" lat="22.5507482" lon="88.2893534"/>
 <node id="4335676736" visible="true" version="1" changeset="41241718" timestamp="2016-08-04T16:24:40Z" user="Prosen_2s" uid="3954920" lat="22.5506883" lon="88.2900215"/>
 <node id="4335676737" visible="true" version="1" changeset="41241718" timestamp="2016-08-04T16:24:40Z" user="Prosen_2s" uid="3954920" lat="22.5506093" lon="88.2901626"/>
 <node id="4335676750" visible="true" version="1" changeset="41241718" timestamp="2016-08-04T16:24:40Z" user="Prosen_2s" uid="3954920" lat="22.5494593" lon="88.2955169"/>
 <node id="4335676751" visible="true" version="1" changeset="41241718" timestamp="2016-08-04T16:24:40Z" user="Prosen_2s" uid="3954920" lat="22.5495330" lon="88.2955465"/>
 <node id="4335676752" visible="true" version="1" changeset="41241718" timestamp="2016-08-04T16:24:40Z" user="Prosen_2s" uid="3954920" lat="22.5494888" lon="88.2958257"/>
 <node id="4335676753" visible="true" version="1" changeset="41241718" timestamp="2016-08-04T16:24:40Z" user="Prosen_2s" uid="3954920" lat="22.5539312" lon="88.3285733"/>
 <node id="4335676754" visible="true" version="1" changeset="41241718" timestamp="2016-08-04T16:24:41Z" user="Prosen_2s" uid="3954920" lat="22.5530633" lon="88.3277430"/>
 <node id="4335676755" visible="true" version="1" changeset="41241718" timestamp="2016-08-04T16:24:41Z" user="Prosen_2s" uid="3954920" lat="22.5517532" lon="88.3261702"/>
 <node id="4335676756" visible="true" version="1" changeset="41241718" timestamp="2016-08-04T16:24:41Z" user="Prosen_2s" uid="3954920" lat="22.5519597" lon="88.3264654"/>
 <node id="4335676757" visible="true" version="1" changeset="41241718" timestamp="2016-08-04T16:24:41Z" user="Prosen_2s" uid="3954920" lat="22.5521008" lon="88.3267194"/>
 <node id="4335676758" visible="true" version="1" changeset="41241718" timestamp="2016-08-04T16:24:41Z" user="Prosen_2s" uid="3954920" lat="22.5503055" lon="88.3241298"/>
 <node id="4335676759" visible="true" version="1" changeset="41241718" timestamp="2016-08-04T16:24:41Z" user="Prosen_2s" uid="3954920" lat="22.5513093" lon="88.3256524"/>
 <node id="4335676760" visible="true" version="1" changeset="41241718" timestamp="2016-08-04T16:24:41Z" user="Prosen_2s" uid="3954920" lat="22.5493054" lon="88.3221861"/>
 <node id="4335676761" visible="true" version="1" changeset="41241718" timestamp="2016-08-04T16:24:41Z" user="Prosen_2s" uid="3954920" lat="22.5493375" lon="88.3220288"/>
 <node id="4335676762" visible="true" version="1" changeset="41241718" timestamp="2016-08-04T16:24:41Z" user="Prosen_2s" uid="3954920" lat="22.5492492" lon="88.3221511"/>
 <node id="4335676763" visible="true" version="1" changeset="41241718" timestamp="2016-08-04T16:24:41Z" user="Prosen_2s" uid="3954920" lat="22.5497610" lon="88.3228668"/>
 <node id="4335676764" visible="true" version="1" changeset="41241718" timestamp="2016-08-04T16:24:41Z" user="Prosen_2s" uid="3954920" lat="22.5499000" lon="88.3230060"/>
 <node id="4335676765" visible="true" version="1" changeset="41241718" timestamp="2016-08-04T16:24:41Z" user="Prosen_2s" uid="3954920" lat="22.5501431" lon="88.3237455"/>
 <node id="4335676766" visible="true" version="1" changeset="41241718" timestamp="2016-08-04T16:24:41Z" user="Prosen_2s" uid="3954920" lat="22.5544867" lon="88.3290887"/>
 <node id="4335676767" visible="true" version="1" changeset="41241718" timestamp="2016-08-04T16:24:41Z" user="Prosen_2s" uid="3954920" lat="22.5555937" lon="88.3300973"/>
 <node id="4335676768" visible="true" version="1" changeset="41241718" timestamp="2016-08-04T16:24:41Z" user="Prosen_2s" uid="3954920" lat="22.5562833" lon="88.3306886"/>
 <node id="4335676769" visible="true" version="1" changeset="41241718" timestamp="2016-08-04T16:24:41Z" user="Prosen_2s" uid="3954920" lat="22.5567297" lon="88.3310484"/>
 <node id="4335676770" visible="true" version="1" changeset="41241718" timestamp="2016-08-04T16:24:41Z" user="Prosen_2s" uid="3954920" lat="22.5574309" lon="88.3315762"/>
 <node id="4335676771" visible="true" version="1" changeset="41241718" timestamp="2016-08-04T16:24:41Z" user="Prosen_2s" uid="3954920" lat="22.5581005" lon="88.3320629"/>
 <node id="4335676772" visible="true" version="1" changeset="41241718" timestamp="2016-08-04T16:24:41Z" user="Prosen_2s" uid="3954920" lat="22.5588962" lon="88.3326019"/>
 <node id="4335676773" visible="true" version="1" changeset="41241718" timestamp="2016-08-04T16:24:41Z" user="Prosen_2s" uid="3954920" lat="22.5595887" lon="88.3331143"/>
 <node id="4335676774" visible="true" version="1" changeset="41241718" timestamp="2016-08-04T16:24:41Z" user="Prosen_2s" uid="3954920" lat="22.5600100" lon="88.3333826"/>
 <node id="4335676775" visible="true" version="1" changeset="41241718" timestamp="2016-08-04T16:24:41Z" user="Prosen_2s" uid="3954920" lat="22.5602288" lon="88.3335257"/>
 <node id="4335676776" visible="true" version="1" changeset="41241718" timestamp="2016-08-04T16:24:41Z" user="Prosen_2s" uid="3954920" lat="22.5603596" lon="88.3335111"/>
 <node id="4335676777" visible="true" version="1" changeset="41241718" timestamp="2016-08-04T16:24:41Z" user="Prosen_2s" uid="3954920" lat="22.5607000" lon="88.3338706"/>
 <node id="4335676778" visible="true" version="1" changeset="41241718" timestamp="2016-08-04T16:24:41Z" user="Prosen_2s" uid="3954920" lat="22.5608261" lon="88.3340780"/>
 <node id="4335676779" visible="true" version="1" changeset="41241718" timestamp="2016-08-04T16:24:41Z" user="Prosen_2s" uid="3954920" lat="22.5609001" lon="88.3342350"/>
 <node id="4335676780" visible="true" version="1" changeset="41241718" timestamp="2016-08-04T16:24:41Z" user="Prosen_2s" uid="3954920" lat="22.5610950" lon="88.3345124"/>
 <node id="4335676781" visible="true" version="1" changeset="41241718" timestamp="2016-08-04T16:24:41Z" user="Prosen_2s" uid="3954920" lat="22.5611014" lon="88.3345613"/>
 <node id="4335676782" visible="true" version="1" changeset="41241718" timestamp="2016-08-04T16:24:41Z" user="Prosen_2s" uid="3954920" lat="22.5617068" lon="88.3355269"/>
 <node id="4335676783" visible="true" version="1" changeset="41241718" timestamp="2016-08-04T16:24:41Z" user="Prosen_2s" uid="3954920" lat="22.5621185" lon="88.3360829"/>
 <node id="4335676784" visible="true" version="1" changeset="41241718" timestamp="2016-08-04T16:24:41Z" user="Prosen_2s" uid="3954920" lat="22.5625292" lon="88.3365583"/>
 <node id="4335676785" visible="true" version="1" changeset="41241718" timestamp="2016-08-04T16:24:41Z" user="Prosen_2s" uid="3954920" lat="22.5629268" lon="88.3369895"/>
 <node id="4335676786" visible="true" version="1" changeset="41241718" timestamp="2016-08-04T16:24:41Z" user="Prosen_2s" uid="3954920" lat="22.5633371" lon="88.3374102"/>
 <node id="4335676787" visible="true" version="1" changeset="41241718" timestamp="2016-08-04T16:24:41Z" user="Prosen_2s" uid="3954920" lat="22.5640628" lon="88.3381354"/>
 <node id="4335676788" visible="true" version="1" changeset="41241718" timestamp="2016-08-04T16:24:41Z" user="Prosen_2s" uid="3954920" lat="22.5642382" lon="88.3383276"/>
 <node id="4335676789" visible="true" version="1" changeset="41241718" timestamp="2016-08-04T16:24:41Z" user="Prosen_2s" uid="3954920" lat="22.5642609" lon="88.3383084"/>
 <node id="4335676790" visible="true" version="1" changeset="41241718" timestamp="2016-08-04T16:24:41Z" user="Prosen_2s" uid="3954920" lat="22.5643831" lon="88.3384131"/>
 <node id="4335676791" visible="true" version="1" changeset="41241718" timestamp="2016-08-04T16:24:41Z" user="Prosen_2s" uid="3954920" lat="22.5644143" lon="88.3383825"/>
 <node id="4335676792" visible="true" version="1" changeset="41241718" timestamp="2016-08-04T16:24:41Z" user="Prosen_2s" uid="3954920" lat="22.5644442" lon="88.3384075"/>
 <node id="4335676793" visible="true" version="1" changeset="41241718" timestamp="2016-08-04T16:24:41Z" user="Prosen_2s" uid="3954920" lat="22.5644993" lon="88.3383941"/>
 <node id="4335676794" visible="true" version="1" changeset="41241718" timestamp="2016-08-04T16:24:41Z" user="Prosen_2s" uid="3954920" lat="22.5645436" lon="88.3384091"/>
 <node id="4335676795" visible="true" version="1" changeset="41241718" timestamp="2016-08-04T16:24:41Z" user="Prosen_2s" uid="3954920" lat="22.5646137" lon="88.3384514"/>
 <node id="4335676796" visible="true" version="1" changeset="41241718" timestamp="2016-08-04T16:24:41Z" user="Prosen_2s" uid="3954920" lat="22.5648772" lon="88.3388016"/>
 <node id="4335676797" visible="true" version="1" changeset="41241718" timestamp="2016-08-04T16:24:41Z" user="Prosen_2s" uid="3954920" lat="22.5649833" lon="88.3388992"/>
 <node id="4335676798" visible="true" version="1" changeset="41241718" timestamp="2016-08-04T16:24:41Z" user="Prosen_2s" uid="3954920" lat="22.5649430" lon="88.3389445"/>
 <node id="4335676799" visible="true" version="1" changeset="41241718" timestamp="2016-08-04T16:24:41Z" user="Prosen_2s" uid="3954920" lat="22.5651221" lon="88.3391023"/>
 <node id="4335676800" visible="true" version="1" changeset="41241718" timestamp="2016-08-04T16:24:41Z" user="Prosen_2s" uid="3954920" lat="22.5652437" lon="88.3392084"/>
 <node id="4335676801" visible="true" version="1" changeset="41241718" timestamp="2016-08-04T16:24:41Z" user="Prosen_2s" uid="3954920" lat="22.5653378" lon="88.3392761"/>
 <node id="4335676802" visible="true" version="1" changeset="41241718" timestamp="2016-08-04T16:24:41Z" user="Prosen_2s" uid="3954920" lat="22.5657367" lon="88.3395587"/>
 <node id="4335676803" visible="true" version="1" changeset="41241718" timestamp="2016-08-04T16:24:41Z" user="Prosen_2s" uid="3954920" lat="22.5663726" lon="88.3399443"/>
 <node id="4335676804" visible="true" version="1" changeset="41241718" timestamp="2016-08-04T16:24:41Z" user="Prosen_2s" uid="3954920" lat="22.5669566" lon="88.3403167"/>
 <node id="4335676805" visible="true" version="1" changeset="41241718" timestamp="2016-08-04T16:24:41Z" user="Prosen_2s" uid="3954920" lat="22.5669573" lon="88.3404642"/>
 <node id="4335676806" visible="true" version="1" changeset="41241718" timestamp="2016-08-04T16:24:41Z" user="Prosen_2s" uid="3954920" lat="22.5676459" lon="88.3408990"/>
 <node id="4335676807" visible="true" version="1" changeset="41241718" timestamp="2016-08-04T16:24:41Z" user="Prosen_2s" uid="3954920" lat="22.5678070" lon="88.3409848"/>
 <node id="4335676808" visible="true" version="1" changeset="41241718" timestamp="2016-08-04T16:24:41Z" user="Prosen_2s" uid="3954920" lat="22.5679095" lon="88.3409181"/>
 <node id="4335676809" visible="true" version="1" changeset="41241718" timestamp="2016-08-04T16:24:41Z" user="Prosen_2s" uid="3954920" lat="22.5680606" lon="88.3409847"/>
 <node id="4335676810" visible="true" version="1" changeset="41241718" timestamp="2016-08-04T16:24:41Z" user="Prosen_2s" uid="3954920" lat="22.5684617" lon="88.3412708"/>
 <node id="4335676811" visible="true" version="1" changeset="41241718" timestamp="2016-08-04T16:24:41Z" user="Prosen_2s" uid="3954920" lat="22.5690012" lon="88.3416588"/>
 <node id="4335676812" visible="true" version="1" changeset="41241718" timestamp="2016-08-04T16:24:41Z" user="Prosen_2s" uid="3954920" lat="22.5699882" lon="88.3423671"/>
 <node id="4335676813" visible="true" version="1" changeset="41241718" timestamp="2016-08-04T16:24:41Z" user="Prosen_2s" uid="3954920" lat="22.5699481" lon="88.3424336"/>
 <node id="4335676815" visible="true" version="1" changeset="41241718" timestamp="2016-08-04T16:24:41Z" user="Prosen_2s" uid="3954920" lat="22.5701626" lon="88.3425963"/>
 <node id="4335676817" visible="true" version="1" changeset="41241718" timestamp="2016-08-04T16:24:42Z" user="Prosen_2s" uid="3954920" lat="22.5709690" lon="88.3430993"/>
 <node id="4335676818" visible="true" version="1" changeset="41241718" timestamp="2016-08-04T16:24:42Z" user="Prosen_2s" uid="3954920" lat="22.5714514" lon="88.3434109"/>
 <node id="4335676819" visible="true" version="1" changeset="41241718" timestamp="2016-08-04T16:24:42Z" user="Prosen_2s" uid="3954920" lat="22.5715532" lon="88.3434895"/>
 <node id="4335676820" visible="true" version="1" changeset="41241718" timestamp="2016-08-04T16:24:42Z" user="Prosen_2s" uid="3954920" lat="22.5720627" lon="88.3438564"/>
 <node id="4335676821" visible="true" version="1" changeset="41241718" timestamp="2016-08-04T16:24:42Z" user="Prosen_2s" uid="3954920" lat="22.5724139" lon="88.3440601"/>
 <node id="4335676822" visible="true" version="1" changeset="41241718" timestamp="2016-08-04T16:24:42Z" user="Prosen_2s" uid="3954920" lat="22.5737733" lon="88.3448395"/>
 <node id="4335676823" visible="true" version="1" changeset="41241718" timestamp="2016-08-04T16:24:42Z" user="Prosen_2s" uid="3954920" lat="22.5742699" lon="88.3449423"/>
 <node id="4335676824" visible="true" version="1" changeset="41241718" timestamp="2016-08-04T16:24:42Z" user="Prosen_2s" uid="3954920" lat="22.5742302" lon="88.3450369"/>
 <node id="4335676825" visible="true" version="1" changeset="41241718" timestamp="2016-08-04T16:24:42Z" user="Prosen_2s" uid="3954920" lat="22.5748204" lon="88.3451804"/>
 <node id="4335676826" visible="true" version="1" changeset="41241718" timestamp="2016-08-04T16:24:42Z" user="Prosen_2s" uid="3954920" lat="22.5752995" lon="88.3453955"/>
 <node id="4358411174" visible="true" version="1" changeset="41570564" timestamp="2016-08-20T06:14:11Z" user="Prosen_2s" uid="3954920" lat="22.5559700" lon="88.2809339"/>
 <node id="4358411175" visible="true" version="1" changeset="41570564" timestamp="2016-08-20T06:14:11Z" user="Prosen_2s" uid="3954920" lat="22.5559161" lon="88.2811367"/>
 <node id="4358411176" visible="true" version="2" changeset="86261310" timestamp="2020-06-05T20:28:51Z" user="AniB88" uid="11290879" lat="22.5558639" lon="88.2813573"/>
 <node id="4358411177" visible="true" version="2" changeset="86261310" timestamp="2020-06-05T20:28:51Z" user="AniB88" uid="11290879" lat="22.5558456" lon="88.2814837"/>
 <node id="4358411178" visible="true" version="2" changeset="86261310" timestamp="2020-06-05T20:28:51Z" user="AniB88" uid="11290879" lat="22.5558220" lon="88.2817187"/>
 <node id="4358411179" visible="true" version="2" changeset="86261310" timestamp="2020-06-05T20:28:51Z" user="AniB88" uid="11290879" lat="22.5557751" lon="88.2819095"/>
 <node id="4358411180" visible="true" version="2" changeset="86261310" timestamp="2020-06-05T20:28:51Z" user="AniB88" uid="11290879" lat="22.5555918" lon="88.2823896"/>
 <node id="4358411181" visible="true" version="2" changeset="86261310" timestamp="2020-06-05T20:28:51Z" user="AniB88" uid="11290879" lat="22.5555570" lon="88.2825375"/>
 <node id="4358411182" visible="true" version="2" changeset="86261310" timestamp="2020-06-05T20:28:51Z" user="AniB88" uid="11290879" lat="22.5554431" lon="88.2829098"/>
 <node id="4358411183" visible="true" version="2" changeset="86261310" timestamp="2020-06-05T20:28:51Z" user="AniB88" uid="11290879" lat="22.5554114" lon="88.2830377"/>
 <node id="4358411184" visible="true" version="2" changeset="86261310" timestamp="2020-06-05T20:28:51Z" user="AniB88" uid="11290879" lat="22.5553692" lon="88.2831773"/>
 <node id="4358411185" visible="true" version="2" changeset="86261310" timestamp="2020-06-05T20:28:51Z" user="AniB88" uid="11290879" lat="22.5553271" lon="88.2833145"/>
 <node id="4358411186" visible="true" version="2" changeset="86261310" timestamp="2020-06-05T20:28:51Z" user="AniB88" uid="11290879" lat="22.5552230" lon="88.2837421"/>
 <node id="4358411187" visible="true" version="1" changeset="41570564" timestamp="2016-08-20T06:14:11Z" user="Prosen_2s" uid="3954920" lat="22.5549686" lon="88.2845992"/>
 <node id="4358411188" visible="true" version="1" changeset="41570564" timestamp="2016-08-20T06:14:11Z" user="Prosen_2s" uid="3954920" lat="22.5548228" lon="88.2851881"/>
 <node id="4358413489" visible="true" version="1" changeset="41570564" timestamp="2016-08-20T06:14:11Z" user="Prosen_2s" uid="3954920" lat="22.5548008" lon="88.2853879"/>
 <node id="4358413490" visible="true" version="1" changeset="41570564" timestamp="2016-08-20T06:14:11Z" user="Prosen_2s" uid="3954920" lat="22.5548676" lon="88.2858554"/>
 <node id="4358413491" visible="true" version="1" changeset="41570564" timestamp="2016-08-20T06:14:11Z" user="Prosen_2s" uid="3954920" lat="22.5550143" lon="88.2865207"/>
 <node id="4358413492" visible="true" version="1" changeset="41570564" timestamp="2016-08-20T06:14:11Z" user="Prosen_2s" uid="3954920" lat="22.5551023" lon="88.2873218"/>
 <node id="4358413493" visible="true" version="1" changeset="41570564" timestamp="2016-08-20T06:14:11Z" user="Prosen_2s" uid="3954920" lat="22.5551015" lon="88.2876371"/>
 <node id="4358413494" visible="true" version="1" changeset="41570564" timestamp="2016-08-20T06:14:11Z" user="Prosen_2s" uid="3954920" lat="22.5549777" lon="88.2889519"/>
 <node id="4358413495" visible="true" version="1" changeset="41570564" timestamp="2016-08-20T06:14:11Z" user="Prosen_2s" uid="3954920" lat="22.5548789" lon="88.2897854"/>
 <node id="4358413496" visible="true" version="1" changeset="41570564" timestamp="2016-08-20T06:14:11Z" user="Prosen_2s" uid="3954920" lat="22.5547448" lon="88.2907537"/>
 <node id="4358413497" visible="true" version="1" changeset="41570564" timestamp="2016-08-20T06:14:11Z" user="Prosen_2s" uid="3954920" lat="22.5547293" lon="88.2909246"/>
 <node id="4358413498" visible="true" version="1" changeset="41570564" timestamp="2016-08-20T06:14:11Z" user="Prosen_2s" uid="3954920" lat="22.5585536" lon="88.3248355"/>
 <node id="4358413499" visible="true" version="1" changeset="41570564" timestamp="2016-08-20T06:14:12Z" user="Prosen_2s" uid="3954920" lat="22.5592504" lon="88.3253427"/>
 <node id="4358413500" visible="true" version="1" changeset="41570564" timestamp="2016-08-20T06:14:12Z" user="Prosen_2s" uid="3954920" lat="22.5577245" lon="88.3240254"/>
 <node id="4358413501" visible="true" version="1" changeset="41570564" timestamp="2016-08-20T06:14:12Z" user="Prosen_2s" uid="3954920" lat="22.5581015" lon="88.3244220"/>
 <node id="4358413502" visible="true" version="1" changeset="41570564" timestamp="2016-08-20T06:14:12Z" user="Prosen_2s" uid="3954920" lat="22.5564389" lon="88.3224166"/>
 <node id="4358413503" visible="true" version="1" changeset="41570564" timestamp="2016-08-20T06:14:12Z" user="Prosen_2s" uid="3954920" lat="22.5566159" lon="88.3226183"/>
 <node id="4358413504" visible="true" version="1" changeset="41570564" timestamp="2016-08-20T06:14:12Z" user="Prosen_2s" uid="3954920" lat="22.5567149" lon="88.3227785"/>
 <node id="4358413505" visible="true" version="1" changeset="41570564" timestamp="2016-08-20T06:14:12Z" user="Prosen_2s" uid="3954920" lat="22.5556986" lon="88.3212826"/>
 <node id="4358413506" visible="true" version="1" changeset="41570564" timestamp="2016-08-20T06:14:12Z" user="Prosen_2s" uid="3954920" lat="22.5560657" lon="88.3218209"/>
 <node id="4358413507" visible="true" version="1" changeset="41570564" timestamp="2016-08-20T06:14:12Z" user="Prosen_2s" uid="3954920" lat="22.5555623" lon="88.3210297"/>
 <node id="4358413508" visible="true" version="1" changeset="41570564" timestamp="2016-08-20T06:14:12Z" user="Prosen_2s" uid="3954920" lat="22.5555338" lon="88.3208862"/>
 <node id="4358413509" visible="true" version="1" changeset="41570564" timestamp="2016-08-20T06:14:12Z" user="Prosen_2s" uid="3954920" lat="22.5555183" lon="88.3208113"/>
 <node id="4358413510" visible="true" version="1" changeset="41570564" timestamp="2016-08-20T06:14:12Z" user="Prosen_2s" uid="3954920" lat="22.5554239" lon="88.3207606"/>
 <node id="4358413511" visible="true" version="1" changeset="41570564" timestamp="2016-08-20T06:14:12Z" user="Prosen_2s" uid="3954920" lat="22.5552805" lon="88.3206342"/>
 <node id="4358413512" visible="true" version="1" changeset="41570564" timestamp="2016-08-20T06:14:12Z" user="Prosen_2s" uid="3954920" lat="22.5545933" lon="88.3197154"/>
 <node id="4358413513" visible="true" version="1" changeset="41570564" timestamp="2016-08-20T06:14:12Z" user="Prosen_2s" uid="3954920" lat="22.5532202" lon="88.3178040"/>
 <node id="4358413514" visible="true" version="1" changeset="41570564" timestamp="2016-08-20T06:14:12Z" user="Prosen_2s" uid="3954920" lat="22.5527905" lon="88.3170614"/>
 <node id="4358413515" visible="true" version="1" changeset="41570564" timestamp="2016-08-20T06:14:12Z" user="Prosen_2s" uid="3954920" lat="22.5523401" lon="88.3162460"/>
 <node id="4358413516" visible="true" version="1" changeset="41570564" timestamp="2016-08-20T06:14:12Z" user="Prosen_2s" uid="3954920" lat="22.5520503" lon="88.3151520"/>
 <node id="4358413517" visible="true" version="1" changeset="41570564" timestamp="2016-08-20T06:14:12Z" user="Prosen_2s" uid="3954920" lat="22.5520333" lon="88.3153202"/>
 <node id="4358413518" visible="true" version="1" changeset="41570564" timestamp="2016-08-20T06:14:12Z" user="Prosen_2s" uid="3954920" lat="22.5520298" lon="88.3154412"/>
 <node id="4358413519" visible="true" version="1" changeset="41570564" timestamp="2016-08-20T06:14:12Z" user="Prosen_2s" uid="3954920" lat="22.5521287" lon="88.3157888"/>
 <node id="4358413520" visible="true" version="1" changeset="41570564" timestamp="2016-08-20T06:14:12Z" user="Prosen_2s" uid="3954920" lat="22.5522039" lon="88.3159781"/>
 <node id="4358413521" visible="true" version="1" changeset="41570564" timestamp="2016-08-20T06:14:12Z" user="Prosen_2s" uid="3954920" lat="22.5515195" lon="88.3131145"/>
 <node id="4358413522" visible="true" version="1" changeset="41570564" timestamp="2016-08-20T06:14:12Z" user="Prosen_2s" uid="3954920" lat="22.5515649" lon="88.3132197"/>
 <node id="4358413523" visible="true" version="1" changeset="41570564" timestamp="2016-08-20T06:14:12Z" user="Prosen_2s" uid="3954920" lat="22.5515633" lon="88.3133522"/>
 <node id="4358413524" visible="true" version="1" changeset="41570564" timestamp="2016-08-20T06:14:12Z" user="Prosen_2s" uid="3954920" lat="22.5516128" lon="88.3136363"/>
 <node id="4358413525" visible="true" version="1" changeset="41570564" timestamp="2016-08-20T06:14:12Z" user="Prosen_2s" uid="3954920" lat="22.5517595" lon="88.3140946"/>
 <node id="4358413526" visible="true" version="1" changeset="41570564" timestamp="2016-08-20T06:14:12Z" user="Prosen_2s" uid="3954920" lat="22.5518772" lon="88.3144227"/>
 <node id="4358413527" visible="true" version="1" changeset="41570564" timestamp="2016-08-20T06:14:12Z" user="Prosen_2s" uid="3954920" lat="22.5519113" lon="88.3145554"/>
 <node id="4358413528" visible="true" version="1" changeset="41570564" timestamp="2016-08-20T06:14:12Z" user="Prosen_2s" uid="3954920" lat="22.5520069" lon="88.3149553"/>
 <node id="4358413529" visible="true" version="1" changeset="41570564" timestamp="2016-08-20T06:14:12Z" user="Prosen_2s" uid="3954920" lat="22.5519454" lon="88.3147982"/>
 <node id="4358413530" visible="true" version="1" changeset="41570564" timestamp="2016-08-20T06:14:12Z" user="Prosen_2s" uid="3954920" lat="22.5522183" lon="88.3148974"/>
 <node id="4358413531" visible="true" version="1" changeset="41570564" timestamp="2016-08-20T06:14:12Z" user="Prosen_2s" uid="3954920" lat="22.5523141" lon="88.3149126"/>
 <node id="4358413532" visible="true" version="1" changeset="41570564" timestamp="2016-08-20T06:14:12Z" user="Prosen_2s" uid="3954920" lat="22.5521043" lon="88.3150686"/>
 <node id="4358413533" visible="true" version="1" changeset="41570564" timestamp="2016-08-20T06:14:12Z" user="Prosen_2s" uid="3954920" lat="22.5520701" lon="88.3151131"/>
 <node id="4358413534" visible="true" version="1" changeset="41570564" timestamp="2016-08-20T06:14:12Z" user="Prosen_2s" uid="3954920" lat="22.5522800" lon="88.3148966"/>
 <node id="4358413535" visible="true" version="1" changeset="41570564" timestamp="2016-08-20T06:14:12Z" user="Prosen_2s" uid="3954920" lat="22.5523110" lon="88.3149376"/>
 <node id="4358413536" visible="true" version="1" changeset="41570564" timestamp="2016-08-20T06:14:12Z" user="Prosen_2s" uid="3954920" lat="22.5514718" lon="88.3112492"/>
 <node id="4358413537" visible="true" version="1" changeset="41570564" timestamp="2016-08-20T06:14:12Z" user="Prosen_2s" uid="3954920" lat="22.5515233" lon="88.3117055"/>
 <node id="4358413538" visible="true" version="1" changeset="41570564" timestamp="2016-08-20T06:14:12Z" user="Prosen_2s" uid="3954920" lat="22.5515715" lon="88.3122287"/>
 <node id="4358413539" visible="true" version="1" changeset="41570564" timestamp="2016-08-20T06:14:12Z" user="Prosen_2s" uid="3954920" lat="22.5516877" lon="88.3126092"/>
 <node id="4358413540" visible="true" version="1" changeset="41570564" timestamp="2016-08-20T06:14:12Z" user="Prosen_2s" uid="3954920" lat="22.5515538" lon="88.3126455"/>
 <node id="4358413541" visible="true" version="1" changeset="41570564" timestamp="2016-08-20T06:14:12Z" user="Prosen_2s" uid="3954920" lat="22.5514698" lon="88.3126701"/>
 <node id="4358413542" visible="true" version="1" changeset="41570564" timestamp="2016-08-20T06:14:12Z" user="Prosen_2s" uid="3954920" lat="22.5514375" lon="88.3128642"/>
 <node id="4358413543" visible="true" version="1" changeset="41570564" timestamp="2016-08-20T06:14:12Z" user="Prosen_2s" uid="3954920" lat="22.5513896" lon="88.3097235"/>
 <node id="4358413544" visible="true" version="1" changeset="41570564" timestamp="2016-08-20T06:14:12Z" user="Prosen_2s" uid="3954920" lat="22.5514423" lon="88.3101096"/>
 <node id="4358413545" visible="true" version="1" changeset="41570564" timestamp="2016-08-20T06:14:12Z" user="Prosen_2s" uid="3954920" lat="22.5514458" lon="88.3105520"/>
 <node id="4358413546" visible="true" version="1" changeset="41570564" timestamp="2016-08-20T06:14:12Z" user="Prosen_2s" uid="3954920" lat="22.5513804" lon="88.3104529"/>
 <node id="4358413547" visible="true" version="1" changeset="41570564" timestamp="2016-08-20T06:14:12Z" user="Prosen_2s" uid="3954920" lat="22.5512948" lon="88.3103719"/>
 <node id="4358413548" visible="true" version="1" changeset="41570564" timestamp="2016-08-20T06:14:12Z" user="Prosen_2s" uid="3954920" lat="22.5512795" lon="88.3102773"/>
 <node id="4358413549" visible="true" version="1" changeset="41570564" timestamp="2016-08-20T06:14:12Z" user="Prosen_2s" uid="3954920" lat="22.5513168" lon="88.3102036"/>
 <node id="4511733027" visible="true" version="1" changeset="43818084" timestamp="2016-11-20T09:54:20Z" user="michael63" uid="462088" lat="22.6081759" lon="88.3673000"/>
 <node id="4511733073" visible="true" version="1" changeset="43818084" timestamp="2016-11-20T09:54:20Z" user="michael63" uid="462088" lat="22.5947690" lon="88.3521442"/>
 <node id="4511733074" visible="true" version="1" changeset="43818084" timestamp="2016-11-20T09:54:20Z" user="michael63" uid="462088" lat="22.5944532" lon="88.3519900"/>
 <node id="4511733075" visible="true" version="1" changeset="43818084" timestamp="2016-11-20T09:54:20Z" user="michael63" uid="462088" lat="22.5944891" lon="88.3518505"/>
 <node id="4511733076" visible="true" version="1" changeset="43818084" timestamp="2016-11-20T09:54:20Z" user="michael63" uid="462088" lat="22.5942749" lon="88.3517794"/>
 <node id="4511733077" visible="true" version="1" changeset="43818084" timestamp="2016-11-20T09:54:20Z" user="michael63" uid="462088" lat="22.5942440" lon="88.3518800"/>
 <node id="4511733078" visible="true" version="1" changeset="43818084" timestamp="2016-11-20T09:54:20Z" user="michael63" uid="462088" lat="22.5947900" lon="88.3524151"/>
 <node id="4511733079" visible="true" version="1" changeset="43818084" timestamp="2016-11-20T09:54:20Z" user="michael63" uid="462088" lat="22.5937264" lon="88.3516963"/>
 <node id="4511733080" visible="true" version="1" changeset="43818084" timestamp="2016-11-20T09:54:20Z" user="michael63" uid="462088" lat="22.5932534" lon="88.3515447"/>
 <node id="4523292406" visible="true" version="2" changeset="88880349" timestamp="2020-08-03T13:48:15Z" user="Paakhi" uid="8451879" lat="22.6282446" lon="88.3589253"/>
 <node id="4523292407" visible="true" version="1" changeset="43963284" timestamp="2016-11-26T13:03:02Z" user="michael63" uid="462088" lat="22.6287025" lon="88.3588443"/>
 <node id="4523292411" visible="true" version="2" changeset="88880349" timestamp="2020-08-03T13:48:15Z" user="Paakhi" uid="8451879" lat="22.6300772" lon="88.3583526"/>
 <node id="4523292412" visible="true" version="2" changeset="88880349" timestamp="2020-08-03T13:48:15Z" user="Paakhi" uid="8451879" lat="22.6301259" lon="88.3583294"/>
 <node id="4523292428" visible="true" version="2" changeset="171155048" timestamp="2025-08-28T20:55:11Z" user="PRACHAL28" uid="23235767" lat="22.5696906" lon="88.3421613"/>
 <node id="4523292429" visible="true" version="2" changeset="171155048" timestamp="2025-08-28T20:55:11Z" user="PRACHAL28" uid="23235767" lat="22.5697502" lon="88.3421829"/>
 <node id="4523292436" visible="true" version="1" changeset="43963284" timestamp="2016-11-26T13:03:02Z" user="michael63" uid="462088" lat="22.5760140" lon="88.3456805"/>
 <node id="4523292437" visible="true" version="1" changeset="43963284" timestamp="2016-11-26T13:03:02Z" user="michael63" uid="462088" lat="22.5760685" lon="88.3457022"/>
 <node id="4523292444" visible="true" version="1" changeset="43963284" timestamp="2016-11-26T13:03:02Z" user="michael63" uid="462088" lat="22.5753607" lon="88.3454190"/>
 <node id="4523292445" visible="true" version="1" changeset="43963284" timestamp="2016-11-26T13:03:03Z" user="michael63" uid="462088" lat="22.5753970" lon="88.3454350"/>
 <node id="4523292453" visible="true" version="1" changeset="43963284" timestamp="2016-11-26T13:03:03Z" user="michael63" uid="462088" lat="22.5725038" lon="88.3441154"/>
 <node id="4523292462" visible="true" version="1" changeset="43963284" timestamp="2016-11-26T13:03:03Z" user="michael63" uid="462088" lat="22.5721829" lon="88.3439277"/>
 <node id="4523292463" visible="true" version="1" changeset="43963284" timestamp="2016-11-26T13:03:03Z" user="michael63" uid="462088" lat="22.5722187" lon="88.3439475"/>
 <node id="4676217553" visible="true" version="1" changeset="45941473" timestamp="2017-02-09T09:12:26Z" user="Ranjana Devanand" uid="5252054" lat="22.5672971" lon="88.3317641"/>
 <node id="4676248095" visible="true" version="1" changeset="45942008" timestamp="2017-02-09T09:34:42Z" user="Ranjana Devanand" uid="5252054" lat="22.5687220" lon="88.3330292"/>
 <node id="4682743230" visible="true" version="2" changeset="65773603" timestamp="2018-12-26T04:08:06Z" user="Abhatt13" uid="9086379" lat="22.5880439" lon="88.3453697"/>
 <node id="4682782960" visible="true" version="1" changeset="46036365" timestamp="2017-02-13T05:13:23Z" user="Ranjana Devanand" uid="5252054" lat="22.5927517" lon="88.3463836"/>
 <node id="4682912817" visible="true" version="2" changeset="140840630" timestamp="2023-09-05T09:28:24Z" user="madhumhari" uid="19574776" lat="22.6005909" lon="88.3507999"/>
 <node id="4683070316" visible="true" version="1" changeset="46040879" timestamp="2017-02-13T09:18:48Z" user="Ranjana Devanand" uid="5252054" lat="22.5980385" lon="88.3489241"/>
 <node id="4685064668" visible="true" version="2" changeset="93607822" timestamp="2020-11-05T13:58:22Z" user="Paakhi" uid="8451879" lat="22.6109431" lon="88.3579221"/>
 <node id="5258078235" visible="true" version="1" changeset="54243824" timestamp="2017-12-01T17:37:03Z" user="Site Administrator" uid="5300929" lat="22.8829293" lon="88.4110544"/>
 <node id="5578700149" visible="true" version="3" changeset="118473498" timestamp="2022-03-14T14:57:36Z" user="VLD257" uid="10979441" lat="22.8783428" lon="88.3949874"/>
 <node id="6173584954" visible="true" version="1" changeset="65897596" timestamp="2018-12-30T20:50:12Z" user="Prot D" uid="748291" lat="22.5803916" lon="88.3474218"/>
 <node id="6186214205" visible="true" version="1" changeset="66052540" timestamp="2019-01-05T17:16:47Z" user="PlaneMad" uid="1306" lat="22.5590180" lon="88.2331109"/>
 <node id="6186214206" visible="true" version="1" changeset="66052540" timestamp="2019-01-05T17:16:47Z" user="PlaneMad" uid="1306" lat="22.5589338" lon="88.2334381"/>
 <node id="6186214207" visible="true" version="2" changeset="117838727" timestamp="2022-02-25T08:00:38Z" user="VLD260" uid="10979445" lat="22.5571190" lon="88.2326224"/>
 <node id="6186214208" visible="true" version="1" changeset="66052540" timestamp="2019-01-05T17:16:47Z" user="PlaneMad" uid="1306" lat="22.5555131" lon="88.2675132"/>
 <node id="6186214233" visible="true" version="1" changeset="66052540" timestamp="2019-01-05T17:16:47Z" user="PlaneMad" uid="1306" lat="22.5509298" lon="88.2887479"/>
 <node id="6186214240" visible="true" version="1" changeset="66052540" timestamp="2019-01-05T17:16:47Z" user="PlaneMad" uid="1306" lat="22.5510380" lon="88.2878727"/>
 <node id="6186214254" visible="true" version="1" changeset="66052540" timestamp="2019-01-05T17:16:48Z" user="PlaneMad" uid="1306" lat="22.5504450" lon="88.2923958"/>
 <node id="6186214255" visible="true" version="1" changeset="66052540" timestamp="2019-01-05T17:16:48Z" user="PlaneMad" uid="1306" lat="22.5504276" lon="88.2927203"/>
 <node id="6186214256" visible="true" version="1" changeset="66052540" timestamp="2019-01-05T17:16:48Z" user="PlaneMad" uid="1306" lat="22.5503805" lon="88.2927418"/>
 <node id="6186214257" visible="true" version="1" changeset="66052540" timestamp="2019-01-05T17:16:48Z" user="PlaneMad" uid="1306" lat="22.5503657" lon="88.2929832"/>
 <node id="6186214258" visible="true" version="1" changeset="66052540" timestamp="2019-01-05T17:16:48Z" user="PlaneMad" uid="1306" lat="22.5502815" lon="88.2933775"/>
 <node id="6186214266" visible="true" version="1" changeset="66052540" timestamp="2019-01-05T17:16:48Z" user="PlaneMad" uid="1306" lat="22.5504549" lon="88.2914168"/>
 <node id="6186214267" visible="true" version="1" changeset="66052540" timestamp="2019-01-05T17:16:48Z" user="PlaneMad" uid="1306" lat="22.5503038" lon="88.2938307"/>
 <node id="6186214268" visible="true" version="1" changeset="66052540" timestamp="2019-01-05T17:16:48Z" user="PlaneMad" uid="1306" lat="22.5501304" lon="88.2942814"/>
 <node id="6186214269" visible="true" version="1" changeset="66052540" timestamp="2019-01-05T17:16:48Z" user="PlaneMad" uid="1306" lat="22.5500164" lon="88.2945067"/>
 <node id="6186214270" visible="true" version="1" changeset="66052540" timestamp="2019-01-05T17:16:48Z" user="PlaneMad" uid="1306" lat="22.5498628" lon="88.2947105"/>
 <node id="6186214271" visible="true" version="1" changeset="66052540" timestamp="2019-01-05T17:16:48Z" user="PlaneMad" uid="1306" lat="22.5490801" lon="88.2954669"/>
 <node id="6186214272" visible="true" version="1" changeset="66052540" timestamp="2019-01-05T17:16:48Z" user="PlaneMad" uid="1306" lat="22.5492584" lon="88.2956761"/>
 <node id="6186214277" visible="true" version="1" changeset="66052540" timestamp="2019-01-05T17:16:48Z" user="PlaneMad" uid="1306" lat="22.5501254" lon="88.2937610"/>
 <node id="6186214386" visible="true" version="1" changeset="66052540" timestamp="2019-01-05T17:16:48Z" user="PlaneMad" uid="1306" lat="22.5505450" lon="88.2904570"/>
 <node id="6186215072" visible="true" version="1" changeset="66052540" timestamp="2019-01-05T17:16:58Z" user="PlaneMad" uid="1306" lat="22.5483518" lon="88.3201888"/>
 <node id="6186215073" visible="true" version="1" changeset="66052540" timestamp="2019-01-05T17:16:58Z" user="PlaneMad" uid="1306" lat="22.5483208" lon="88.3203268"/>
 <node id="6186215076" visible="true" version="1" changeset="66052540" timestamp="2019-01-05T17:16:58Z" user="PlaneMad" uid="1306" lat="22.5478686" lon="88.2974099"/>
 <node id="6186215077" visible="true" version="1" changeset="66052540" timestamp="2019-01-05T17:16:58Z" user="PlaneMad" uid="1306" lat="22.5480649" lon="88.2976181"/>
 <node id="6446007522" visible="true" version="1" changeset="69852783" timestamp="2019-05-03T16:52:47Z" user="magma18" uid="4502856" lat="22.5549025" lon="88.2321466"/>
 <node id="7565947211" visible="true" version="1" changeset="85887377" timestamp="2020-05-28T11:24:13Z" user="Soumyadip Mallick" uid="11240807" lat="22.6820373" lon="88.3659381"/>
 <node id="7618358676" visible="true" version="1" changeset="86607359" timestamp="2020-06-13T19:55:34Z" user="AniB88" uid="11290879" lat="22.5569715" lon="88.2772262"/>
 <node id="7618358677" visible="true" version="1" changeset="86607359" timestamp="2020-06-13T19:55:34Z" user="AniB88" uid="11290879" lat="22.5568052" lon="88.2777622"/>
 <node id="7618358678" visible="true" version="1" changeset="86607359" timestamp="2020-06-13T19:55:34Z" user="AniB88" uid="11290879" lat="22.5564068" lon="88.2789214"/>
 <node id="7618358679" visible="true" version="1" changeset="86607359" timestamp="2020-06-13T19:55:34Z" user="AniB88" uid="11290879" lat="22.5562725" lon="88.2794974"/>
 <node id="7618358680" visible="true" version="1" changeset="86607359" timestamp="2020-06-13T19:55:34Z" user="AniB88" uid="11290879" lat="22.5566219" lon="88.2783391"/>
 <node id="7618358681" visible="true" version="1" changeset="86607359" timestamp="2020-06-13T19:55:34Z" user="AniB88" uid="11290879" lat="22.5568848" lon="88.2775399"/>
 <node id="7618358682" visible="true" version="2" changeset="86607359" timestamp="2020-06-13T20:15:04Z" user="AniB88" uid="11290879" lat="22.5571098" lon="88.2770303"/>
 <node id="7618358683" visible="true" version="1" changeset="86607359" timestamp="2020-06-13T19:55:34Z" user="AniB88" uid="11290879" lat="22.5561613" lon="88.2799409"/>
 <node id="7618358684" visible="true" version="1" changeset="86607359" timestamp="2020-06-13T19:55:34Z" user="AniB88" uid="11290879" lat="22.5564884" lon="88.2785805"/>
 <node id="7618405771" visible="true" version="1" changeset="86607359" timestamp="2020-06-13T19:53:57Z" user="AniB88" uid="11290879" lat="22.5574692" lon="88.2750695"/>
 <node id="7618405772" visible="true" version="1" changeset="86607359" timestamp="2020-06-13T19:53:57Z" user="AniB88" uid="11290879" lat="22.5573257" lon="88.2758641"/>
 <node id="7618405773" visible="true" version="1" changeset="86607359" timestamp="2020-06-13T19:53:57Z" user="AniB88" uid="11290879" lat="22.5577740" lon="88.2740447"/>
 <node id="7618405774" visible="true" version="1" changeset="86607359" timestamp="2020-06-13T19:53:57Z" user="AniB88" uid="11290879" lat="22.5573157" lon="88.2763741"/>
 <node id="7618405775" visible="true" version="1" changeset="86607359" timestamp="2020-06-13T19:53:57Z" user="AniB88" uid="11290879" lat="22.5575687" lon="88.2748235"/>
 <node id="7618450485" visible="true" version="1" changeset="86607359" timestamp="2020-06-13T19:55:34Z" user="AniB88" uid="11290879" lat="22.5566790" lon="88.2780630"/>
 <node id="7618453625" visible="true" version="2" changeset="86610018" timestamp="2020-06-13T21:28:27Z" user="AniB88" uid="11290879" lat="22.5582615" lon="88.2776455"/>
 <node id="7618453626" visible="true" version="1" changeset="86607359" timestamp="2020-06-13T20:15:04Z" user="AniB88" uid="11290879" lat="22.5572263" lon="88.2770056"/>
 <node id="7618453627" visible="true" version="1" changeset="86607359" timestamp="2020-06-13T20:15:04Z" user="AniB88" uid="11290879" lat="22.5581325" lon="88.2772165"/>
 <node id="7618453628" visible="true" version="1" changeset="86607359" timestamp="2020-06-13T20:15:04Z" user="AniB88" uid="11290879" lat="22.5574173" lon="88.2766751"/>
 <node id="7618453629" visible="true" version="1" changeset="86607359" timestamp="2020-06-13T20:15:04Z" user="AniB88" uid="11290879" lat="22.5576772" lon="88.2771668"/>
 <node id="7618453630" visible="true" version="1" changeset="86607359" timestamp="2020-06-13T20:15:04Z" user="AniB88" uid="11290879" lat="22.5570255" lon="88.2771105"/>
 <node id="7618453635" visible="true" version="1" changeset="86607359" timestamp="2020-06-13T20:15:04Z" user="AniB88" uid="11290879" lat="22.5583052" lon="88.2773361"/>
 <node id="7618453636" visible="true" version="1" changeset="86607359" timestamp="2020-06-13T20:15:04Z" user="AniB88" uid="11290879" lat="22.5577841" lon="88.2772698"/>
 <node id="7618453637" visible="true" version="2" changeset="86610018" timestamp="2020-06-13T21:28:27Z" user="AniB88" uid="11290879" lat="22.5581503" lon="88.2775630"/>
 <node id="7618453638" visible="true" version="1" changeset="86607359" timestamp="2020-06-13T20:15:04Z" user="AniB88" uid="11290879" lat="22.5573514" lon="88.2765675"/>
 <node id="7618453639" visible="true" version="1" changeset="86607359" timestamp="2020-06-13T20:15:04Z" user="AniB88" uid="11290879" lat="22.5573908" lon="88.2770275"/>
 <node id="7618453640" visible="true" version="1" changeset="86607359" timestamp="2020-06-13T20:15:04Z" user="AniB88" uid="11290879" lat="22.5579445" lon="88.2774080"/>
 <node id="7618453641" visible="true" version="1" changeset="86607359" timestamp="2020-06-13T20:15:04Z" user="AniB88" uid="11290879" lat="22.5575042" lon="88.2770680"/>
 <node id="7618453642" visible="true" version="1" changeset="86607359" timestamp="2020-06-13T20:15:04Z" user="AniB88" uid="11290879" lat="22.5579340" lon="88.2770842"/>
 <node id="7618453643" visible="true" version="1" changeset="86607359" timestamp="2020-06-13T20:15:04Z" user="AniB88" uid="11290879" lat="22.5584190" lon="88.2774187"/>
 <node id="7618453644" visible="true" version="1" changeset="86607359" timestamp="2020-06-13T20:15:04Z" user="AniB88" uid="11290879" lat="22.5577657" lon="88.2769704"/>
 <node id="7618453645" visible="true" version="1" changeset="86607359" timestamp="2020-06-13T20:15:04Z" user="AniB88" uid="11290879" lat="22.5575971" lon="88.2768532"/>
 <node id="7781133661" visible="true" version="1" changeset="88880349" timestamp="2020-08-03T13:48:15Z" user="Paakhi" uid="8451879" lat="22.6303766" lon="88.3582148"/>
 <node id="7781133668" visible="true" version="1" changeset="88880349" timestamp="2020-08-03T13:48:15Z" user="Paakhi" uid="8451879" lat="22.6304092" lon="88.3582003"/>
 <node id="7781133671" visible="true" version="1" changeset="88880349" timestamp="2020-08-03T13:48:15Z" user="Paakhi" uid="8451879" lat="22.6291745" lon="88.3587064"/>
 <node id="7781133674" visible="true" version="1" changeset="88880349" timestamp="2020-08-03T13:48:15Z" user="Paakhi" uid="8451879" lat="22.6276417" lon="88.3592922"/>
 <node id="7781133681" visible="true" version="1" changeset="88880349" timestamp="2020-08-03T13:48:15Z" user="Paakhi" uid="8451879" lat="22.6239433" lon="88.3608720"/>
 <node id="7781143993" visible="true" version="1" changeset="88880349" timestamp="2020-08-03T13:48:15Z" user="Paakhi" uid="8451879" lat="22.6238871" lon="88.3609018"/>
 <node id="7781144007" visible="true" version="1" changeset="88880349" timestamp="2020-08-03T13:48:15Z" user="Paakhi" uid="8451879" lat="22.6268866" lon="88.3660702"/>
 <node id="7781144008" visible="true" version="1" changeset="88880349" timestamp="2020-08-03T13:48:15Z" user="Paakhi" uid="8451879" lat="22.6283780" lon="88.3654662"/>
 <node id="7781144013" visible="true" version="1" changeset="88880349" timestamp="2020-08-03T13:48:15Z" user="Paakhi" uid="8451879" lat="22.6300335" lon="88.3649784"/>
 <node id="7781144024" visible="true" version="1" changeset="88880349" timestamp="2020-08-03T13:48:15Z" user="Paakhi" uid="8451879" lat="22.6300876" lon="88.3583475"/>
 <node id="7781144026" visible="true" version="2" changeset="93605842" timestamp="2020-11-05T13:21:13Z" user="Paakhi" uid="8451879" lat="22.6220403" lon="88.3613151"/>
 <node id="7781144027" visible="true" version="2" changeset="93605842" timestamp="2020-11-05T13:21:13Z" user="Paakhi" uid="8451879" lat="22.6227236" lon="88.3612293"/>
 <node id="7781144028" visible="true" version="2" changeset="93605842" timestamp="2020-11-05T13:21:13Z" user="Paakhi" uid="8451879" lat="22.6232980" lon="88.3610550"/>
 <node id="7781144029" visible="true" version="1" changeset="88880349" timestamp="2020-08-03T13:48:15Z" user="Paakhi" uid="8451879" lat="22.6237758" lon="88.3609611"/>
 <node id="7781144030" visible="true" version="1" changeset="88880349" timestamp="2020-08-03T13:48:15Z" user="Paakhi" uid="8451879" lat="22.6243403" lon="88.3606607"/>
 <node id="7781144031" visible="true" version="1" changeset="88880349" timestamp="2020-08-03T13:48:15Z" user="Paakhi" uid="8451879" lat="22.6258109" lon="88.3601189"/>
 <node id="7781144032" visible="true" version="1" changeset="88880349" timestamp="2020-08-03T13:48:15Z" user="Paakhi" uid="8451879" lat="22.6265339" lon="88.3598104"/>
 <node id="7781144033" visible="true" version="1" changeset="88880349" timestamp="2020-08-03T13:48:15Z" user="Paakhi" uid="8451879" lat="22.6278411" lon="88.3591278"/>
 <node id="7781144034" visible="true" version="1" changeset="88880349" timestamp="2020-08-03T13:48:15Z" user="Paakhi" uid="8451879" lat="22.6279166" lon="88.3590822"/>
 <node id="7781144035" visible="true" version="1" changeset="88880349" timestamp="2020-08-03T13:48:15Z" user="Paakhi" uid="8451879" lat="22.6273113" lon="88.3594805"/>
 <node id="7781144036" visible="true" version="1" changeset="88880349" timestamp="2020-08-03T13:48:15Z" user="Paakhi" uid="8451879" lat="22.6274548" lon="88.3594269"/>
 <node id="7781144037" visible="true" version="1" changeset="88880349" timestamp="2020-08-03T13:48:15Z" user="Paakhi" uid="8451879" lat="22.6275737" lon="88.3593598"/>
 <node id="7781144038" visible="true" version="1" changeset="88880349" timestamp="2020-08-03T13:48:15Z" user="Paakhi" uid="8451879" lat="22.6277247" lon="88.3592096"/>
 <node id="7781144039" visible="true" version="1" changeset="88880349" timestamp="2020-08-03T13:48:15Z" user="Paakhi" uid="8451879" lat="22.6280144" lon="88.3590353"/>
 <node id="7781144040" visible="true" version="1" changeset="88880349" timestamp="2020-08-03T13:48:15Z" user="Paakhi" uid="8451879" lat="22.6291111" lon="88.3587268"/>
 <node id="7781144041" visible="true" version="1" changeset="88880349" timestamp="2020-08-03T13:48:15Z" user="Paakhi" uid="8451879" lat="22.6306560" lon="88.3580938"/>
 <node id="7781144042" visible="true" version="1" changeset="88880349" timestamp="2020-08-03T13:48:15Z" user="Paakhi" uid="8451879" lat="22.6307884" lon="88.3580402"/>
 <node id="7781144043" visible="true" version="1" changeset="88880349" timestamp="2020-08-03T13:48:15Z" user="Paakhi" uid="8451879" lat="22.6270146" lon="88.3660078"/>
 <node id="7781144044" visible="true" version="1" changeset="88880349" timestamp="2020-08-03T13:48:15Z" user="Paakhi" uid="8451879" lat="22.6271974" lon="88.3659527"/>
 <node id="7781144045" visible="true" version="1" changeset="88880349" timestamp="2020-08-03T13:48:15Z" user="Paakhi" uid="8451879" lat="22.6274747" lon="88.3657864"/>
 <node id="7781144046" visible="true" version="1" changeset="88880349" timestamp="2020-08-03T13:48:15Z" user="Paakhi" uid="8451879" lat="22.6279822" lon="88.3655691"/>
 <node id="7781144047" visible="true" version="1" changeset="88880349" timestamp="2020-08-03T13:48:15Z" user="Paakhi" uid="8451879" lat="22.6283285" lon="88.3654795"/>
 <node id="7781144048" visible="true" version="1" changeset="88880349" timestamp="2020-08-03T13:48:15Z" user="Paakhi" uid="8451879" lat="22.6286531" lon="88.3653867"/>
 <node id="7781144049" visible="true" version="1" changeset="88880349" timestamp="2020-08-03T13:48:15Z" user="Paakhi" uid="8451879" lat="22.6288016" lon="88.3653063"/>
 <node id="7781144050" visible="true" version="1" changeset="88880349" timestamp="2020-08-03T13:48:15Z" user="Paakhi" uid="8451879" lat="22.6289898" lon="88.3650649"/>
 <node id="7781144051" visible="true" version="1" changeset="88880349" timestamp="2020-08-03T13:48:15Z" user="Paakhi" uid="8451879" lat="22.6290789" lon="88.3650005"/>
 <node id="7781144052" visible="true" version="1" changeset="88880349" timestamp="2020-08-03T13:48:15Z" user="Paakhi" uid="8451879" lat="22.6291681" lon="88.3649629"/>
 <node id="7781144053" visible="true" version="1" changeset="88880349" timestamp="2020-08-03T13:48:15Z" user="Paakhi" uid="8451879" lat="22.6294404" lon="88.3650032"/>
 <node id="7781144054" visible="true" version="1" changeset="88880349" timestamp="2020-08-03T13:48:15Z" user="Paakhi" uid="8451879" lat="22.6295320" lon="88.3650219"/>
 <node id="7781144055" visible="true" version="1" changeset="88880349" timestamp="2020-08-03T13:48:15Z" user="Paakhi" uid="8451879" lat="22.6296360" lon="88.3650380"/>
 <node id="7781144056" visible="true" version="1" changeset="88880349" timestamp="2020-08-03T13:48:15Z" user="Paakhi" uid="8451879" lat="22.6298018" lon="88.3650327"/>
 <node id="7781144057" visible="true" version="1" changeset="88880349" timestamp="2020-08-03T13:48:15Z" user="Paakhi" uid="8451879" lat="22.6299885" lon="88.3649953"/>
 <node id="7781144058" visible="true" version="1" changeset="88880349" timestamp="2020-08-03T13:48:15Z" user="Paakhi" uid="8451879" lat="22.6301237" lon="88.3649442"/>
 <node id="7781144059" visible="true" version="1" changeset="88880349" timestamp="2020-08-03T13:48:15Z" user="Paakhi" uid="8451879" lat="22.6302846" lon="88.3648637"/>
 <node id="8084671053" visible="true" version="1" changeset="93605842" timestamp="2020-11-05T13:21:13Z" user="Paakhi" uid="8451879" lat="22.6197785" lon="88.3608982"/>
 <node id="8084671057" visible="true" version="1" changeset="93605842" timestamp="2020-11-05T13:21:13Z" user="Paakhi" uid="8451879" lat="22.6209484" lon="88.3613500"/>
 <node id="8084671058" visible="true" version="1" changeset="93605842" timestamp="2020-11-05T13:21:13Z" user="Paakhi" uid="8451879" lat="22.6211589" lon="88.3612883"/>
 <node id="8084671059" visible="true" version="1" changeset="93605842" timestamp="2020-11-05T13:21:13Z" user="Paakhi" uid="8451879" lat="22.6213842" lon="88.3612803"/>
 <node id="8084671060" visible="true" version="1" changeset="93605842" timestamp="2020-11-05T13:21:13Z" user="Paakhi" uid="8451879" lat="22.6216540" lon="88.3613178"/>
 <node id="8084671061" visible="true" version="1" changeset="93605842" timestamp="2020-11-05T13:21:13Z" user="Paakhi" uid="8451879" lat="22.6223176" lon="88.3612910"/>
 <node id="8084671062" visible="true" version="1" changeset="93605842" timestamp="2020-11-05T13:21:13Z" user="Paakhi" uid="8451879" lat="22.6230603" lon="88.3611381"/>
 <node id="8084671063" visible="true" version="1" changeset="93605842" timestamp="2020-11-05T13:21:13Z" user="Paakhi" uid="8451879" lat="22.6208593" lon="88.3613634"/>
 <node id="8084671064" visible="true" version="1" changeset="93605842" timestamp="2020-11-05T13:21:13Z" user="Paakhi" uid="8451879" lat="22.6207405" lon="88.3613554"/>
 <node id="8084671065" visible="true" version="1" changeset="93605842" timestamp="2020-11-05T13:21:13Z" user="Paakhi" uid="8451879" lat="22.6204557" lon="88.3612937"/>
 <node id="8084671066" visible="true" version="1" changeset="93605842" timestamp="2020-11-05T13:21:13Z" user="Paakhi" uid="8451879" lat="22.6202502" lon="88.3612373"/>
 <node id="8084671067" visible="true" version="1" changeset="93605842" timestamp="2020-11-05T13:21:13Z" user="Paakhi" uid="8451879" lat="22.6199259" lon="88.3610415"/>
 <node id="8084671068" visible="true" version="1" changeset="93605842" timestamp="2020-11-05T13:21:13Z" user="Paakhi" uid="8451879" lat="22.6198256" lon="88.3609249"/>
 <node id="8084671069" visible="true" version="1" changeset="93605842" timestamp="2020-11-05T13:21:13Z" user="Paakhi" uid="8451879" lat="22.6196932" lon="88.3608511"/>
 <node id="8084671070" visible="true" version="1" changeset="93605842" timestamp="2020-11-05T13:21:13Z" user="Paakhi" uid="8451879" lat="22.6194233" lon="88.3607519"/>
 <node id="8084671071" visible="true" version="1" changeset="93605842" timestamp="2020-11-05T13:21:13Z" user="Paakhi" uid="8451879" lat="22.6190890" lon="88.3606338"/>
 <node id="8084671072" visible="true" version="1" changeset="93605842" timestamp="2020-11-05T13:21:13Z" user="Paakhi" uid="8451879" lat="22.6187325" lon="88.3605078"/>
 <node id="8084671073" visible="true" version="1" changeset="93605842" timestamp="2020-11-05T13:21:13Z" user="Paakhi" uid="8451879" lat="22.6184800" lon="88.3604112"/>
 <node id="8084671074" visible="true" version="1" changeset="93605842" timestamp="2020-11-05T13:21:13Z" user="Paakhi" uid="8451879" lat="22.6182373" lon="88.3603710"/>
 <node id="8084671075" visible="true" version="1" changeset="93605842" timestamp="2020-11-05T13:21:13Z" user="Paakhi" uid="8451879" lat="22.6179749" lon="88.3603924"/>
 <node id="8084671076" visible="true" version="1" changeset="93605842" timestamp="2020-11-05T13:21:13Z" user="Paakhi" uid="8451879" lat="22.6178313" lon="88.3603871"/>
 <node id="8084671077" visible="true" version="1" changeset="93605842" timestamp="2020-11-05T13:21:13Z" user="Paakhi" uid="8451879" lat="22.6169845" lon="88.3600625"/>
 <node id="8084671078" visible="true" version="1" changeset="93605842" timestamp="2020-11-05T13:21:13Z" user="Paakhi" uid="8451879" lat="22.6163185" lon="88.3598587"/>
 <node id="8084671079" visible="true" version="1" changeset="93605842" timestamp="2020-11-05T13:21:13Z" user="Paakhi" uid="8451879" lat="22.6157663" lon="88.3597353"/>
 <node id="8084671080" visible="true" version="1" changeset="93605842" timestamp="2020-11-05T13:21:13Z" user="Paakhi" uid="8451879" lat="22.6148354" lon="88.3594483"/>
 <node id="8084671081" visible="true" version="1" changeset="93605842" timestamp="2020-11-05T13:21:13Z" user="Paakhi" uid="8451879" lat="22.6139316" lon="88.3590567"/>
 <node id="8084671082" visible="true" version="1" changeset="93605842" timestamp="2020-11-05T13:21:13Z" user="Paakhi" uid="8451879" lat="22.6132408" lon="88.3587295"/>
 <node id="8084671083" visible="true" version="1" changeset="93605842" timestamp="2020-11-05T13:21:13Z" user="Paakhi" uid="8451879" lat="22.6127035" lon="88.3585793"/>
 <node id="8084671084" visible="true" version="2" changeset="93607822" timestamp="2020-11-05T13:58:22Z" user="Paakhi" uid="8451879" lat="22.6122232" lon="88.3583674"/>
 <node id="8084671085" visible="true" version="2" changeset="93607822" timestamp="2020-11-05T13:58:22Z" user="Paakhi" uid="8451879" lat="22.6119781" lon="88.3683693"/>
 <node id="8084671086" visible="true" version="1" changeset="93605842" timestamp="2020-11-05T13:21:13Z" user="Paakhi" uid="8451879" lat="22.6124708" lon="88.3684847"/>
 <node id="8084671102" visible="true" version="1" changeset="93605842" timestamp="2020-11-05T13:21:13Z" user="Paakhi" uid="8451879" lat="22.6182931" lon="88.3683220"/>
 <node id="8084671103" visible="true" version="1" changeset="93605842" timestamp="2020-11-05T13:21:13Z" user="Paakhi" uid="8451879" lat="22.6133770" lon="88.3686081"/>
 <node id="8084671104" visible="true" version="1" changeset="93605842" timestamp="2020-11-05T13:21:13Z" user="Paakhi" uid="8451879" lat="22.6139292" lon="88.3686563"/>
 <node id="8084671105" visible="true" version="1" changeset="93605842" timestamp="2020-11-05T13:21:13Z" user="Paakhi" uid="8451879" lat="22.6146707" lon="88.3686738"/>
 <node id="8084671106" visible="true" version="1" changeset="93605842" timestamp="2020-11-05T13:21:13Z" user="Paakhi" uid="8451879" lat="22.6150656" lon="88.3686483"/>
 <node id="8084671107" visible="true" version="1" changeset="93605842" timestamp="2020-11-05T13:21:13Z" user="Paakhi" uid="8451879" lat="22.6157639" lon="88.3686188"/>
 <node id="8084671108" visible="true" version="1" changeset="93605842" timestamp="2020-11-05T13:21:13Z" user="Paakhi" uid="8451879" lat="22.6168335" lon="88.3685008"/>
 <node id="8084671109" visible="true" version="1" changeset="93605842" timestamp="2020-11-05T13:21:13Z" user="Paakhi" uid="8451879" lat="22.6182670" lon="88.3683237"/>
 <node id="8084671110" visible="true" version="1" changeset="93605842" timestamp="2020-11-05T13:21:13Z" user="Paakhi" uid="8451879" lat="22.6187820" lon="88.3682889"/>
 <node id="8084671111" visible="true" version="1" changeset="93605842" timestamp="2020-11-05T13:21:13Z" user="Paakhi" uid="8451879" lat="22.6201611" lon="88.3681118"/>
 <node id="8084671112" visible="true" version="1" changeset="93605842" timestamp="2020-11-05T13:21:13Z" user="Paakhi" uid="8451879" lat="22.6206687" lon="88.3679080"/>
 <node id="8084671113" visible="true" version="1" changeset="93605842" timestamp="2020-11-05T13:21:13Z" user="Paakhi" uid="8451879" lat="22.6213347" lon="88.3676800"/>
 <node id="8084671114" visible="true" version="1" changeset="93605842" timestamp="2020-11-05T13:21:13Z" user="Paakhi" uid="8451879" lat="22.6219165" lon="88.3675781"/>
 <node id="8084671115" visible="true" version="1" changeset="93605842" timestamp="2020-11-05T13:21:13Z" user="Paakhi" uid="8451879" lat="22.6226518" lon="88.3673984"/>
 <node id="8084672918" visible="true" version="1" changeset="93605842" timestamp="2020-11-05T13:21:13Z" user="Paakhi" uid="8451879" lat="22.6236917" lon="88.3671959"/>
 <node id="8084672919" visible="true" version="1" changeset="93605842" timestamp="2020-11-05T13:21:13Z" user="Paakhi" uid="8451879" lat="22.6240655" lon="88.3671335"/>
 <node id="8084672921" visible="true" version="1" changeset="93605842" timestamp="2020-11-05T13:21:13Z" user="Paakhi" uid="8451879" lat="22.6244788" lon="88.3669709"/>
 <node id="8084672923" visible="true" version="1" changeset="93605842" timestamp="2020-11-05T13:21:13Z" user="Paakhi" uid="8451879" lat="22.6252845" lon="88.3666810"/>
 <node id="8084672924" visible="true" version="1" changeset="93605842" timestamp="2020-11-05T13:21:13Z" user="Paakhi" uid="8451879" lat="22.6234626" lon="88.3672401"/>
 <node id="8084742827" visible="true" version="1" changeset="93607822" timestamp="2020-11-05T13:58:22Z" user="Paakhi" uid="8451879" lat="22.6029873" lon="88.3624873"/>
 <node id="8084742828" visible="true" version="1" changeset="93607822" timestamp="2020-11-05T13:58:22Z" user="Paakhi" uid="8451879" lat="22.6021330" lon="88.3613688"/>
 <node id="8084742829" visible="true" version="1" changeset="93607822" timestamp="2020-11-05T13:58:22Z" user="Paakhi" uid="8451879" lat="22.6016527" lon="88.3607465"/>
 <node id="8084742830" visible="true" version="1" changeset="93607822" timestamp="2020-11-05T13:58:22Z" user="Paakhi" uid="8451879" lat="22.6018062" lon="88.3609343"/>
 <node id="8084742831" visible="true" version="1" changeset="93607822" timestamp="2020-11-05T13:58:22Z" user="Paakhi" uid="8451879" lat="22.6014050" lon="88.3603951"/>
 <node id="8084742840" visible="true" version="1" changeset="93607822" timestamp="2020-11-05T13:58:22Z" user="Paakhi" uid="8451879" lat="22.6045275" lon="88.3642937"/>
 <node id="8084742841" visible="true" version="1" changeset="93607822" timestamp="2020-11-05T13:58:22Z" user="Paakhi" uid="8451879" lat="22.6043511" lon="88.3641355"/>
 <node id="8084742851" visible="true" version="1" changeset="93607822" timestamp="2020-11-05T13:58:22Z" user="Paakhi" uid="8451879" lat="22.6078876" lon="88.3670524"/>
 <node id="8084742852" visible="true" version="1" changeset="93607822" timestamp="2020-11-05T13:58:22Z" user="Paakhi" uid="8451879" lat="22.6072909" lon="88.3666232"/>
 <node id="8084742853" visible="true" version="1" changeset="93607822" timestamp="2020-11-05T13:58:22Z" user="Paakhi" uid="8451879" lat="22.6063920" lon="88.3659902"/>
 <node id="8084742854" visible="true" version="1" changeset="93607822" timestamp="2020-11-05T13:58:22Z" user="Paakhi" uid="8451879" lat="22.6057705" lon="88.3654484"/>
 <node id="8084742855" visible="true" version="1" changeset="93607822" timestamp="2020-11-05T13:58:22Z" user="Paakhi" uid="8451879" lat="22.6051168" lon="88.3648396"/>
 <node id="8084742856" visible="true" version="1" changeset="93607822" timestamp="2020-11-05T13:58:22Z" user="Paakhi" uid="8451879" lat="22.6047949" lon="88.3645378"/>
 <node id="8084742857" visible="true" version="1" changeset="93607822" timestamp="2020-11-05T13:58:22Z" user="Paakhi" uid="8451879" lat="22.6099394" lon="88.3678806"/>
 <node id="8084742864" visible="true" version="1" changeset="93607822" timestamp="2020-11-05T13:58:22Z" user="Paakhi" uid="8451879" lat="22.6092470" lon="88.3676907"/>
 <node id="8084742865" visible="true" version="1" changeset="93607822" timestamp="2020-11-05T13:58:22Z" user="Paakhi" uid="8451879" lat="22.6107648" lon="88.3681494"/>
 <node id="8084742867" visible="true" version="1" changeset="93607822" timestamp="2020-11-05T13:58:22Z" user="Paakhi" uid="8451879" lat="22.6066991" lon="88.3550683"/>
 <node id="8084742868" visible="true" version="1" changeset="93607822" timestamp="2020-11-05T13:58:22Z" user="Paakhi" uid="8451879" lat="22.6065183" lon="88.3549878"/>
 <node id="8084742869" visible="true" version="1" changeset="93607822" timestamp="2020-11-05T13:58:22Z" user="Paakhi" uid="8451879" lat="22.6062360" lon="88.3548161"/>
 <node id="8084742870" visible="true" version="1" changeset="93607822" timestamp="2020-11-05T13:58:22Z" user="Paakhi" uid="8451879" lat="22.6053446" lon="88.3542287"/>
 <node id="8084742871" visible="true" version="1" changeset="93607822" timestamp="2020-11-05T13:58:22Z" user="Paakhi" uid="8451879" lat="22.6050574" lon="88.3540678"/>
 <node id="8084742872" visible="true" version="1" changeset="93607822" timestamp="2020-11-05T13:58:22Z" user="Paakhi" uid="8451879" lat="22.6048469" lon="88.3539042"/>
 <node id="8084742873" visible="true" version="1" changeset="93607822" timestamp="2020-11-05T13:58:22Z" user="Paakhi" uid="8451879" lat="22.6046686" lon="88.3536386"/>
 <node id="8084742874" visible="true" version="1" changeset="93607822" timestamp="2020-11-05T13:58:22Z" user="Paakhi" uid="8451879" lat="22.6057978" lon="88.3545130"/>
 <node id="8084742875" visible="true" version="1" changeset="93607822" timestamp="2020-11-05T13:58:22Z" user="Paakhi" uid="8451879" lat="22.6068080" lon="88.3551085"/>
 <node id="8084742876" visible="true" version="1" changeset="93607822" timestamp="2020-11-05T13:58:22Z" user="Paakhi" uid="8451879" lat="22.6069343" lon="88.3551782"/>
 <node id="8084742877" visible="true" version="1" changeset="93607822" timestamp="2020-11-05T13:58:22Z" user="Paakhi" uid="8451879" lat="22.6070358" lon="88.3552614"/>
 <node id="8084742878" visible="true" version="1" changeset="93607822" timestamp="2020-11-05T13:58:22Z" user="Paakhi" uid="8451879" lat="22.6071250" lon="88.3552855"/>
 <node id="8084742879" visible="true" version="1" changeset="93607822" timestamp="2020-11-05T13:58:22Z" user="Paakhi" uid="8451879" lat="22.6072562" lon="88.3552828"/>
 <node id="8084742880" visible="true" version="1" changeset="93607822" timestamp="2020-11-05T13:58:22Z" user="Paakhi" uid="8451879" lat="22.6073701" lon="88.3553177"/>
 <node id="8084742881" visible="true" version="1" changeset="93607822" timestamp="2020-11-05T13:58:22Z" user="Paakhi" uid="8451879" lat="22.6074766" lon="88.3554116"/>
 <node id="8084742882" visible="true" version="1" changeset="93607822" timestamp="2020-11-05T13:58:22Z" user="Paakhi" uid="8451879" lat="22.6075756" lon="88.3554974"/>
 <node id="8084742883" visible="true" version="1" changeset="93607822" timestamp="2020-11-05T13:58:22Z" user="Paakhi" uid="8451879" lat="22.6082120" lon="88.3559185"/>
 <node id="8084742884" visible="true" version="1" changeset="93607822" timestamp="2020-11-05T13:58:22Z" user="Paakhi" uid="8451879" lat="22.6086676" lon="88.3562350"/>
 <node id="8084742885" visible="true" version="1" changeset="93607822" timestamp="2020-11-05T13:58:22Z" user="Paakhi" uid="8451879" lat="22.6090266" lon="88.3565140"/>
 <node id="8084742886" visible="true" version="1" changeset="93607822" timestamp="2020-11-05T13:58:22Z" user="Paakhi" uid="8451879" lat="22.6108429" lon="88.3578713"/>
 <node id="8084742889" visible="true" version="1" changeset="93607822" timestamp="2020-11-05T13:58:22Z" user="Paakhi" uid="8451879" lat="22.6093411" lon="88.3567151"/>
 <node id="8084742890" visible="true" version="1" changeset="93607822" timestamp="2020-11-05T13:58:22Z" user="Paakhi" uid="8451879" lat="22.6099403" lon="88.3570102"/>
 <node id="8084742891" visible="true" version="1" changeset="93607822" timestamp="2020-11-05T13:58:22Z" user="Paakhi" uid="8451879" lat="22.6101260" lon="88.3571389"/>
 <node id="8084742892" visible="true" version="1" changeset="93607822" timestamp="2020-11-05T13:58:22Z" user="Paakhi" uid="8451879" lat="22.6102820" lon="88.3572757"/>
 <node id="8084742893" visible="true" version="1" changeset="93607822" timestamp="2020-11-05T13:58:22Z" user="Paakhi" uid="8451879" lat="22.6104801" lon="88.3575278"/>
 <node id="8084742894" visible="true" version="1" changeset="93607822" timestamp="2020-11-05T13:58:22Z" user="Paakhi" uid="8451879" lat="22.6105717" lon="88.3575815"/>
 <node id="8084742895" visible="true" version="1" changeset="93607822" timestamp="2020-11-05T13:58:22Z" user="Paakhi" uid="8451879" lat="22.6107103" lon="88.3577049"/>
 <node id="8084742896" visible="true" version="1" changeset="93607822" timestamp="2020-11-05T13:58:22Z" user="Paakhi" uid="8451879" lat="22.6108168" lon="88.3578524"/>
 <node id="8084742897" visible="true" version="1" changeset="93607822" timestamp="2020-11-05T13:58:22Z" user="Paakhi" uid="8451879" lat="22.6111189" lon="88.3579490"/>
 <node id="8084742898" visible="true" version="1" changeset="93607822" timestamp="2020-11-05T13:58:22Z" user="Paakhi" uid="8451879" lat="22.6113566" lon="88.3579838"/>
 <node id="8084742899" visible="true" version="1" changeset="93607822" timestamp="2020-11-05T13:58:22Z" user="Paakhi" uid="8451879" lat="22.6116809" lon="88.3581448"/>
 <node id="8291516871" visible="true" version="1" changeset="96932267" timestamp="2021-01-04T20:34:01Z" user="Jamie VanTassell" uid="11458086" lat="22.5687832" lon="88.3415020">
  <tag k="name" v="Esplanade West Sluice Gate"/>
  <tag k="seamark:type" v="gate"/>
  <tag k="waterway" v="lock_gate"/>
 </node>
 <node id="8291566724" visible="true" version="1" changeset="96932751" timestamp="2021-01-04T20:47:23Z" user="Jamie VanTassell" uid="11458086" lat="22.5933663" lon="88.3515809">
  <tag k="name" v="Nimtola Ghat Sluice Gate"/>
  <tag k="seamark:type" v="gate"/>
  <tag k="waterway" v="lock_gate"/>
 </node>
 <node id="8291571025" visible="true" version="2" changeset="174538408" timestamp="2025-11-12T03:26:30Z" user="cnvery" uid="3627342" lat="22.5791379" lon="88.3469231">
  <tag k="name" v="Canning Street Sluice Gate"/>
  <tag k="name:en" v="Canning Street Sluice Gate"/>
  <tag k="seamark:type" v="gate"/>
  <tag k="waterway" v="lock_gate"/>
 </node>
 <node id="8497183222" visible="true" version="1" changeset="100643724" timestamp="2021-03-08T14:15:13Z" user="SutanuHazra" uid="10001959" lat="22.7489968" lon="88.3557104"/>
 <node id="9439634285" visible="true" version="2" changeset="118548580" timestamp="2022-03-16T11:53:19Z" user="Hinokami Kagura" uid="14826250" lat="22.9036134" lon="88.4067265"/>
 <node id="9579825322" visible="true" version="1" changeset="118494273" timestamp="2022-03-15T05:05:24Z" user="VLD106" uid="9124217" lat="22.7592316" lon="88.3419320"/>
 <node id="9579825331" visible="true" version="1" changeset="118494273" timestamp="2022-03-15T05:05:24Z" user="VLD106" uid="9124217" lat="22.7571356" lon="88.3455630"/>
 <node id="9582813573" visible="true" version="1" changeset="118548580" timestamp="2022-03-16T11:53:19Z" user="Hinokami Kagura" uid="14826250" lat="22.8905527" lon="88.4042736"/>
 <node id="9582813574" visible="true" version="1" changeset="118548580" timestamp="2022-03-16T11:53:19Z" user="Hinokami Kagura" uid="14826250" lat="22.8893929" lon="88.4041071"/>
 <node id="9582813575" visible="true" version="1" changeset="118548580" timestamp="2022-03-16T11:53:19Z" user="Hinokami Kagura" uid="14826250" lat="22.8880397" lon="88.4039100"/>
 <node id="9582813576" visible="true" version="1" changeset="118548580" timestamp="2022-03-16T11:53:19Z" user="Hinokami Kagura" uid="14826250" lat="22.8873085" lon="88.4036128"/>
 <node id="9582813577" visible="true" version="1" changeset="118548580" timestamp="2022-03-16T11:53:19Z" user="Hinokami Kagura" uid="14826250" lat="22.8864123" lon="88.4032562"/>
 <node id="9582813578" visible="true" version="1" changeset="118548580" timestamp="2022-03-16T11:53:19Z" user="Hinokami Kagura" uid="14826250" lat="22.8852632" lon="88.4023670"/>
 <node id="9582813579" visible="true" version="1" changeset="118548580" timestamp="2022-03-16T11:53:19Z" user="Hinokami Kagura" uid="14826250" lat="22.8813913" lon="88.3996079"/>
 <node id="9582813580" visible="true" version="1" changeset="118548580" timestamp="2022-03-16T11:53:19Z" user="Hinokami Kagura" uid="14826250" lat="22.8803155" lon="88.3982112"/>
 <node id="9582813581" visible="true" version="1" changeset="118548580" timestamp="2022-03-16T11:53:19Z" user="Hinokami Kagura" uid="14826250" lat="22.8796439" lon="88.3970992"/>
 <node id="9582813582" visible="true" version="1" changeset="118548580" timestamp="2022-03-16T11:53:19Z" user="Hinokami Kagura" uid="14826250" lat="22.8831356" lon="88.4012361"/>
 <node id="9582813583" visible="true" version="1" changeset="118548580" timestamp="2022-03-16T11:53:19Z" user="Hinokami Kagura" uid="14826250" lat="22.8891348" lon="88.4118206"/>
 <node id="9582813584" visible="true" version="1" changeset="118548580" timestamp="2022-03-16T11:53:19Z" user="Hinokami Kagura" uid="14826250" lat="22.8984279" lon="88.4096749"/>
 <node id="9582813585" visible="true" version="1" changeset="118548580" timestamp="2022-03-16T11:53:19Z" user="Hinokami Kagura" uid="14826250" lat="22.9148912" lon="88.4033983"/>
 <node id="9582813586" visible="true" version="1" changeset="118548580" timestamp="2022-03-16T11:53:19Z" user="Hinokami Kagura" uid="14826250" lat="22.9103366" lon="88.4046878"/>
 <node id="9582813587" visible="true" version="1" changeset="118548580" timestamp="2022-03-16T11:53:19Z" user="Hinokami Kagura" uid="14826250" lat="22.9078920" lon="88.4019990"/>
 <node id="9582813588" visible="true" version="1" changeset="118548580" timestamp="2022-03-16T11:53:19Z" user="Hinokami Kagura" uid="14826250" lat="22.9067657" lon="88.4024787"/>
 <node id="9582813589" visible="true" version="1" changeset="118548580" timestamp="2022-03-16T11:53:19Z" user="Hinokami Kagura" uid="14826250" lat="22.9050831" lon="88.4028377"/>
 <node id="9582813590" visible="true" version="1" changeset="118548580" timestamp="2022-03-16T11:53:19Z" user="Hinokami Kagura" uid="14826250" lat="22.9032592" lon="88.4034732"/>
 <node id="9582813591" visible="true" version="1" changeset="118548580" timestamp="2022-03-16T11:53:19Z" user="Hinokami Kagura" uid="14826250" lat="22.9020176" lon="88.4037674"/>
 <node id="9582813592" visible="true" version="1" changeset="118548580" timestamp="2022-03-16T11:53:19Z" user="Hinokami Kagura" uid="14826250" lat="22.9007302" lon="88.4038493"/>
 <node id="9582813593" visible="true" version="1" changeset="118548580" timestamp="2022-03-16T11:53:19Z" user="Hinokami Kagura" uid="14826250" lat="22.9003211" lon="88.4038655"/>
 <node id="9582813594" visible="true" version="1" changeset="118548580" timestamp="2022-03-16T11:53:19Z" user="Hinokami Kagura" uid="14826250" lat="22.8998466" lon="88.4039267"/>
 <node id="9582813595" visible="true" version="1" changeset="118548580" timestamp="2022-03-16T11:53:19Z" user="Hinokami Kagura" uid="14826250" lat="22.8986628" lon="88.4042314"/>
 <node id="9582813596" visible="true" version="1" changeset="118548580" timestamp="2022-03-16T11:53:19Z" user="Hinokami Kagura" uid="14826250" lat="22.8980397" lon="88.4042585"/>
 <node id="9582813597" visible="true" version="1" changeset="118548580" timestamp="2022-03-16T11:53:19Z" user="Hinokami Kagura" uid="14826250" lat="22.8920143" lon="88.4044592"/>
 <node id="9582813598" visible="true" version="1" changeset="118548580" timestamp="2022-03-16T11:53:19Z" user="Hinokami Kagura" uid="14826250" lat="22.8928394" lon="88.4044701"/>
 <node id="9582813599" visible="true" version="1" changeset="118548580" timestamp="2022-03-16T11:53:19Z" user="Hinokami Kagura" uid="14826250" lat="22.8940287" lon="88.4044465"/>
 <node id="9582813600" visible="true" version="1" changeset="118548580" timestamp="2022-03-16T11:53:19Z" user="Hinokami Kagura" uid="14826250" lat="22.8954286" lon="88.4043028"/>
 <node id="9582813601" visible="true" version="1" changeset="118548580" timestamp="2022-03-16T11:53:19Z" user="Hinokami Kagura" uid="14826250" lat="22.8964558" lon="88.4043173"/>
 <node id="9582813602" visible="true" version="1" changeset="118548580" timestamp="2022-03-16T11:53:19Z" user="Hinokami Kagura" uid="14826250" lat="22.8971852" lon="88.4043047"/>
 <node id="9582870245" visible="true" version="1" changeset="118550658" timestamp="2022-03-16T12:46:18Z" user="Hinokami Kagura" uid="14826250" lat="22.7006714" lon="88.3596097"/>
 <node id="9582870246" visible="true" version="1" changeset="118550658" timestamp="2022-03-16T12:46:18Z" user="Hinokami Kagura" uid="14826250" lat="22.6993710" lon="88.3600144"/>
 <node id="9582870247" visible="true" version="1" changeset="118550658" timestamp="2022-03-16T12:46:18Z" user="Hinokami Kagura" uid="14826250" lat="22.6959210" lon="88.3661626"/>
 <node id="11662135067" visible="true" version="1" changeset="147879511" timestamp="2024-02-25T07:12:10Z" user="খাঁ শুভেন্দু" uid="10130402" lat="22.5589781" lon="88.2331011"/>
 <node id="13104474802" visible="true" version="1" changeset="171155048" timestamp="2025-08-28T20:55:11Z" user="PRACHAL28" uid="23235767" lat="22.5698280" lon="88.3422485"/>
 <node id="13104474804" visible="true" version="1" changeset="171155048" timestamp="2025-08-28T20:55:11Z" user="PRACHAL28" uid="23235767" lat="22.5738135" lon="88.3447425"/>
 <node id="13104474805" visible="true" version="1" changeset="171155048" timestamp="2025-08-28T20:55:11Z" user="PRACHAL28" uid="23235767" lat="22.5730169" lon="88.3443586"/>
 <node id="13104474806" visible="true" version="1" changeset="171155048" timestamp="2025-08-28T20:55:11Z" user="PRACHAL28" uid="23235767" lat="22.5727464" lon="88.3442393"/>
 <node id="13104474845" visible="true" version="1" changeset="171155048" timestamp="2025-08-28T20:55:11Z" user="PRACHAL28" uid="23235767" lat="22.5783123" lon="88.3465947"/>
 <node id="13423370939" visible="true" version="1" changeset="176697098" timestamp="2026-01-01T10:01:19Z" user="Sbb1413" uid="10103187" lat="22.6331415" lon="88.3571228"/>
 <node id="13423370940" visible="true" version="1" changeset="176697098" timestamp="2026-01-01T10:01:19Z" user="Sbb1413" uid="10103187" lat="22.6343719" lon="88.3564416"/>
 <node id="13423370941" visible="true" version="1" changeset="176697098" timestamp="2026-01-01T10:01:19Z" user="Sbb1413" uid="10103187" lat="22.6358381" lon="88.3556825"/>
 <node id="13962830439" visible="true" version="1" changeset="184535715" timestamp="2026-06-24T17:17:03Z" user="Monojit Chaterjee" uid="24089081" lat="22.7344854" lon="88.3580184"/>
 <node id="13962830460" visible="true" version="1" changeset="184535715" timestamp="2026-06-24T17:17:03Z" user="Monojit Chaterjee" uid="24089081" lat="22.7343517" lon="88.3580034"/>
 <node id="13962830461" visible="true" version="1" changeset="184535715" timestamp="2026-06-24T17:17:03Z" user="Monojit Chaterjee" uid="24089081" lat="22.7330818" lon="88.3578617"/>
 <node id="13962830474" visible="true" version="1" changeset="184535715" timestamp="2026-06-24T17:17:03Z" user="Monojit Chaterjee" uid="24089081" lat="22.7326832" lon="88.3578172"/>
 <node id="13964750357" visible="true" version="1" changeset="184578723" timestamp="2026-06-25T11:18:03Z" user="Monojit Chaterjee" uid="24089081" lat="22.7375844" lon="88.3583642">
  <tag k="access" v="private"/>
  <tag k="amenity" v="ferry_terminal"/>
  <tag k="ferry" v="yes"/>
  <tag k="name" v="Alcove New Kolkata Private Jetty"/>
  <tag k="public_transport" v="station"/>
 </node>
 <way id="28573377" visible="true" version="135" changeset="184578723" timestamp="2026-06-25T11:18:03Z" user="Monojit Chaterjee" uid="24089081">
  <nd ref="13423370941"/>
  <nd ref="313865796"/>
  <nd ref="313865797"/>
  <nd ref="3407162397"/>
  <nd ref="3407162438"/>
  <nd ref="3407162417"/>
  <nd ref="3664449419"/>
  <nd ref="3407162452"/>
  <nd ref="3407162378"/>
  <nd ref="3407162472"/>
  <nd ref="3407162454"/>
  <nd ref="3407162424"/>
  <nd ref="3407162455"/>
  <nd ref="3407162402"/>
  <nd ref="245708498"/>
  <nd ref="3843270115"/>
  <nd ref="313865871"/>
  <nd ref="313865872"/>
  <nd ref="313865873"/>
  <nd ref="245708654"/>
  <nd ref="313865874"/>
  <nd ref="245708674"/>
  <nd ref="245708741"/>
  <nd ref="313866063"/>
  <nd ref="313866064"/>
  <nd ref="9582870246"/>
  <nd ref="9582870245"/>
  <nd ref="313866065"/>
  <nd ref="313866103"/>
  <nd ref="245709011"/>
  <nd ref="313866104"/>
  <nd ref="313866105"/>
  <nd ref="313866173"/>
  <nd ref="13962830474"/>
  <nd ref="13962830461"/>
  <nd ref="13962830460"/>
  <nd ref="13962830439"/>
  <nd ref="13964750357"/>
  <nd ref="313866174"/>
  <nd ref="313866175"/>
  <nd ref="313866176"/>
  <nd ref="313866177"/>
  <nd ref="245709244"/>
  <nd ref="8497183222"/>
  <nd ref="313866178"/>
  <nd ref="245709305"/>
  <nd ref="9579825331"/>
  <nd ref="3818853415"/>
  <nd ref="9579825322"/>
  <nd ref="245709509"/>
  <nd ref="313866180"/>
  <nd ref="245709586"/>
  <nd ref="3884407928"/>
  <nd ref="3884407952"/>
  <nd ref="313866436"/>
  <nd ref="245709625"/>
  <nd ref="245709668"/>
  <nd ref="313866437"/>
  <nd ref="313866438"/>
  <nd ref="245709704"/>
  <nd ref="245709768"/>
  <nd ref="313866439"/>
  <nd ref="245709826"/>
  <nd ref="245709940"/>
  <nd ref="313866440"/>
  <nd ref="313866441"/>
  <nd ref="313866442"/>
  <nd ref="245709981"/>
  <nd ref="313866443"/>
  <nd ref="313866444"/>
  <nd ref="245710016"/>
  <nd ref="313866637"/>
  <nd ref="245710036"/>
  <nd ref="313866876"/>
  <nd ref="245710083"/>
  <nd ref="313866877"/>
  <nd ref="245710162"/>
  <nd ref="313866878"/>
  <nd ref="245710225"/>
  <nd ref="313866898"/>
  <nd ref="313866899"/>
  <nd ref="313866991"/>
  <nd ref="313866900"/>
  <nd ref="313866992"/>
  <nd ref="3756846079"/>
  <nd ref="245710276"/>
  <nd ref="245710311"/>
  <nd ref="313866993"/>
  <nd ref="245710330"/>
  <nd ref="5578700149"/>
  <nd ref="9582813581"/>
  <nd ref="9582813580"/>
  <nd ref="9582813579"/>
  <nd ref="9582813582"/>
  <nd ref="9582813578"/>
  <nd ref="9582813577"/>
  <nd ref="9582813576"/>
  <nd ref="9582813575"/>
  <nd ref="9582813574"/>
  <nd ref="9582813573"/>
  <nd ref="9582813597"/>
  <nd ref="9582813598"/>
  <nd ref="9582813599"/>
  <nd ref="9582813600"/>
  <nd ref="9582813601"/>
  <nd ref="9582813602"/>
  <nd ref="9582813596"/>
  <nd ref="9582813595"/>
  <nd ref="9582813594"/>
  <nd ref="9582813593"/>
  <nd ref="9582813592"/>
  <nd ref="9582813591"/>
  <nd ref="9582813590"/>
  <nd ref="9582813589"/>
  <nd ref="9582813588"/>
  <nd ref="9582813587"/>
  <nd ref="313867023"/>
  <nd ref="4011608791"/>
  <nd ref="313867024"/>
  <nd ref="313867025"/>
  <nd ref="4011608817"/>
  <nd ref="4011608818"/>
  <nd ref="245710624"/>
  <nd ref="313867032"/>
  <nd ref="9582813585"/>
  <nd ref="9582813586"/>
  <nd ref="9439634285"/>
  <nd ref="9582813584"/>
  <nd ref="9582813583"/>
  <nd ref="313866999"/>
  <nd ref="5258078235"/>
  <nd ref="245710397"/>
  <nd ref="245710331"/>
  <nd ref="245710318"/>
  <nd ref="245710314"/>
  <nd ref="313867000"/>
  <nd ref="313867001"/>
  <nd ref="1672312966"/>
  <nd ref="245710254"/>
  <nd ref="313867002"/>
  <nd ref="313867003"/>
  <nd ref="313867004"/>
  <nd ref="313867005"/>
  <nd ref="313867006"/>
  <nd ref="313866901"/>
  <nd ref="245710219"/>
  <nd ref="313866879"/>
  <nd ref="245710082"/>
  <nd ref="313866880"/>
  <nd ref="245710029"/>
  <nd ref="313866638"/>
  <nd ref="3129812594"/>
  <nd ref="3129812597"/>
  <nd ref="313866639"/>
  <nd ref="3122519064"/>
  <nd ref="313866640"/>
  <nd ref="3122519065"/>
  <nd ref="3122519077"/>
  <nd ref="3122519089"/>
  <nd ref="3122519072"/>
  <nd ref="3122519074"/>
  <nd ref="3122519081"/>
  <nd ref="3122519068"/>
  <nd ref="3122519091"/>
  <nd ref="245709988"/>
  <nd ref="3122519071"/>
  <nd ref="3122519092"/>
  <nd ref="3122519088"/>
  <nd ref="313866642"/>
  <nd ref="3122519086"/>
  <nd ref="313866643"/>
  <nd ref="245709963"/>
  <nd ref="3118371663"/>
  <nd ref="3118371652"/>
  <nd ref="313866644"/>
  <nd ref="3118540183"/>
  <nd ref="3118540158"/>
  <nd ref="313866645"/>
  <nd ref="3118540147"/>
  <nd ref="3118540187"/>
  <nd ref="3118540152"/>
  <nd ref="313866646"/>
  <nd ref="3118615006"/>
  <nd ref="3118615001"/>
  <nd ref="3118615021"/>
  <nd ref="3118615007"/>
  <nd ref="313866647"/>
  <nd ref="3120043152"/>
  <nd ref="3120048392"/>
  <nd ref="313866648"/>
  <nd ref="3120049037"/>
  <nd ref="313866649"/>
  <nd ref="3120400140"/>
  <nd ref="313866651"/>
  <nd ref="3120411892"/>
  <nd ref="3120413456"/>
  <nd ref="3120413507"/>
  <nd ref="3120411878"/>
  <nd ref="3120413430"/>
  <nd ref="3120413514"/>
  <nd ref="3120413439"/>
  <nd ref="3121120395"/>
  <nd ref="3120411864"/>
  <nd ref="3120413509"/>
  <nd ref="3120413464"/>
  <nd ref="245709943"/>
  <nd ref="3120411863"/>
  <nd ref="3120413454"/>
  <nd ref="3120411877"/>
  <nd ref="3120413440"/>
  <nd ref="3120411884"/>
  <nd ref="3120413512"/>
  <nd ref="3120413469"/>
  <nd ref="313866445"/>
  <nd ref="245709879"/>
  <nd ref="3152843992"/>
  <nd ref="3152843986"/>
  <nd ref="3152834156"/>
  <nd ref="3152843971"/>
  <nd ref="3152834159"/>
  <nd ref="3152843981"/>
  <nd ref="3152843987"/>
  <nd ref="245709753"/>
  <nd ref="313866446"/>
  <nd ref="245709690"/>
  <nd ref="245709654"/>
  <nd ref="245709642"/>
  <nd ref="313866447"/>
  <nd ref="313866448"/>
  <nd ref="313866449"/>
  <nd ref="313866450"/>
  <nd ref="3154408248"/>
  <nd ref="3154408240"/>
  <nd ref="3154408233"/>
  <nd ref="3154408236"/>
  <nd ref="313866451"/>
  <nd ref="3156152590"/>
  <nd ref="3156152619"/>
  <nd ref="3156152618"/>
  <nd ref="3156152653"/>
  <nd ref="3156152650"/>
  <nd ref="3156152596"/>
  <nd ref="3156152654"/>
  <nd ref="3156152637"/>
  <nd ref="3156152656"/>
  <nd ref="3156152649"/>
  <nd ref="3156152607"/>
  <nd ref="3156152651"/>
  <nd ref="3156152631"/>
  <nd ref="3156152632"/>
  <nd ref="3156152629"/>
  <nd ref="3156152647"/>
  <nd ref="3156161536"/>
  <nd ref="3156161465"/>
  <nd ref="3156161549"/>
  <nd ref="3156161501"/>
  <nd ref="313866452"/>
  <nd ref="3156166095"/>
  <nd ref="3156166089"/>
  <nd ref="3156166085"/>
  <nd ref="3156166123"/>
  <nd ref="3156166110"/>
  <nd ref="3156166078"/>
  <nd ref="3156166113"/>
  <nd ref="3156166087"/>
  <nd ref="3156166112"/>
  <nd ref="3156166117"/>
  <nd ref="3156166122"/>
  <nd ref="3156166126"/>
  <nd ref="3156166119"/>
  <nd ref="3158245662"/>
  <nd ref="313866453"/>
  <nd ref="3158245713"/>
  <nd ref="3158245768"/>
  <nd ref="3158245703"/>
  <nd ref="3158245710"/>
  <nd ref="3158245792"/>
  <nd ref="3158245661"/>
  <nd ref="3158245738"/>
  <nd ref="3158245732"/>
  <nd ref="245709606"/>
  <nd ref="3158245683"/>
  <nd ref="3158245668"/>
  <nd ref="3158245690"/>
  <nd ref="3158245756"/>
  <nd ref="3158245697"/>
  <nd ref="3158245679"/>
  <nd ref="3158244560"/>
  <nd ref="3158245776"/>
  <nd ref="3158245678"/>
  <nd ref="3158245704"/>
  <nd ref="3158245680"/>
  <nd ref="245709532"/>
  <nd ref="3158245754"/>
  <nd ref="3158245780"/>
  <nd ref="245709484"/>
  <nd ref="3158270967"/>
  <nd ref="3158266844"/>
  <nd ref="3158266840"/>
  <nd ref="3158266817"/>
  <nd ref="3158270984"/>
  <nd ref="3158266813"/>
  <nd ref="3158270996"/>
  <nd ref="3158266825"/>
  <nd ref="3158266852"/>
  <nd ref="3158270994"/>
  <nd ref="3158270983"/>
  <nd ref="3158266850"/>
  <nd ref="245709440"/>
  <nd ref="3158670293"/>
  <nd ref="313866181"/>
  <nd ref="313866182"/>
  <nd ref="3158692073"/>
  <nd ref="3158692024"/>
  <nd ref="3158688504"/>
  <nd ref="3158688520"/>
  <nd ref="3158688521"/>
  <nd ref="245709372"/>
  <nd ref="3195194191"/>
  <nd ref="3195194194"/>
  <nd ref="3195194165"/>
  <nd ref="3195194168"/>
  <nd ref="3195196321"/>
  <nd ref="3195196301"/>
  <nd ref="3195196316"/>
  <nd ref="313866183"/>
  <nd ref="3195207094"/>
  <nd ref="245709222"/>
  <nd ref="3195221249"/>
  <nd ref="3195221903"/>
  <nd ref="313866184"/>
  <nd ref="3196047612"/>
  <nd ref="3196047621"/>
  <nd ref="313866185"/>
  <nd ref="3196047613"/>
  <nd ref="3196047598"/>
  <nd ref="3196050408"/>
  <nd ref="313866186"/>
  <nd ref="3196064193"/>
  <nd ref="3196064207"/>
  <nd ref="3196064204"/>
  <nd ref="3196064201"/>
  <nd ref="313866187"/>
  <nd ref="3196064220"/>
  <nd ref="3196064183"/>
  <nd ref="3196064188"/>
  <nd ref="3196078657"/>
  <nd ref="3196079591"/>
  <nd ref="1765885295"/>
  <nd ref="3196078660"/>
  <nd ref="3196078655"/>
  <nd ref="3196079585"/>
  <nd ref="3196079573"/>
  <nd ref="3196078640"/>
  <nd ref="3196078633"/>
  <nd ref="3196079583"/>
  <nd ref="3196079595"/>
  <nd ref="3196079576"/>
  <nd ref="3196078629"/>
  <nd ref="3196079568"/>
  <nd ref="3196078641"/>
  <nd ref="3196078656"/>
  <nd ref="3196079571"/>
  <nd ref="245709096"/>
  <nd ref="245709034"/>
  <nd ref="2230610551"/>
  <nd ref="2230610516"/>
  <nd ref="313866106"/>
  <nd ref="3639194119"/>
  <nd ref="313866067"/>
  <nd ref="313866108"/>
  <nd ref="9582870247"/>
  <nd ref="245708752"/>
  <nd ref="7565947211"/>
  <nd ref="313866068"/>
  <nd ref="313865896"/>
  <nd ref="3668146444"/>
  <nd ref="3668146443"/>
  <nd ref="313865875"/>
  <nd ref="3668145966"/>
  <nd ref="313865876"/>
  <nd ref="3668145619"/>
  <nd ref="245708537"/>
  <nd ref="3664519087"/>
  <nd ref="3664519086"/>
  <nd ref="313865798"/>
  <nd ref="313865799"/>
  <nd ref="3668143365"/>
  <nd ref="3668143335"/>
  <nd ref="3668143288"/>
  <nd ref="3668143270"/>
  <nd ref="3668143250"/>
  <nd ref="3668143231"/>
  <nd ref="3668143228"/>
  <nd ref="313865800"/>
  <nd ref="313865801"/>
  <nd ref="1317537004"/>
  <nd ref="7781144059"/>
  <nd ref="7781144058"/>
  <nd ref="7781144013"/>
  <nd ref="7781144057"/>
  <nd ref="7781144056"/>
  <nd ref="7781144055"/>
  <nd ref="7781144054"/>
  <nd ref="7781144053"/>
  <nd ref="1317536919"/>
  <nd ref="7781144052"/>
  <nd ref="7781144051"/>
  <nd ref="7781144050"/>
  <nd ref="1317537096"/>
  <nd ref="7781144049"/>
  <nd ref="7781144048"/>
  <nd ref="7781144008"/>
  <nd ref="7781144047"/>
  <nd ref="7781144046"/>
  <nd ref="7781144045"/>
  <nd ref="7781144044"/>
  <nd ref="7781144043"/>
  <nd ref="7781144007"/>
  <nd ref="1317537172"/>
  <nd ref="1317536970"/>
  <nd ref="1317536974"/>
  <nd ref="1317536910"/>
  <nd ref="8084672923"/>
  <nd ref="1317536845"/>
  <nd ref="245708370"/>
  <nd ref="8084672921"/>
  <nd ref="8084672919"/>
  <nd ref="1317536802"/>
  <nd ref="8084672918"/>
  <nd ref="8084672924"/>
  <nd ref="8084671115"/>
  <nd ref="8084671114"/>
  <nd ref="8084671113"/>
  <nd ref="8084671112"/>
  <nd ref="8084671111"/>
  <nd ref="313865802"/>
  <nd ref="8084671110"/>
  <nd ref="8084671102"/>
  <nd ref="8084671109"/>
  <nd ref="8084671108"/>
  <nd ref="8084671107"/>
  <nd ref="8084671106"/>
  <nd ref="245708256"/>
  <nd ref="8084671105"/>
  <nd ref="8084671104"/>
  <nd ref="8084671103"/>
  <nd ref="8084671086"/>
  <nd ref="8084671085"/>
  <nd ref="313865803"/>
  <nd ref="8084742865"/>
  <nd ref="1313195116"/>
  <nd ref="8084742857"/>
  <nd ref="1313195016"/>
  <nd ref="8084742864"/>
  <nd ref="1313195074"/>
  <nd ref="1309394328"/>
  <nd ref="4511733027"/>
  <nd ref="245708184"/>
  <nd ref="8084742851"/>
  <nd ref="8084742852"/>
  <nd ref="8084742853"/>
  <nd ref="8084742854"/>
  <nd ref="8084742855"/>
  <nd ref="8084742856"/>
  <nd ref="8084742840"/>
  <nd ref="8084742841"/>
  <nd ref="313865627"/>
  <nd ref="1208567385"/>
  <nd ref="8084742827"/>
  <nd ref="8084742828"/>
  <nd ref="8084742830"/>
  <nd ref="8084742829"/>
  <nd ref="8084742831"/>
  <nd ref="313865628"/>
  <nd ref="1147870676"/>
  <nd ref="1147870678"/>
  <nd ref="1177499579"/>
  <nd ref="313865629"/>
  <nd ref="1147870680"/>
  <nd ref="4511733078"/>
  <nd ref="245707718"/>
  <nd ref="4511733073"/>
  <nd ref="4511733074"/>
  <nd ref="4511733075"/>
  <nd ref="4511733076"/>
  <nd ref="4511733077"/>
  <nd ref="4511733079"/>
  <nd ref="8291566724"/>
  <nd ref="4511733080"/>
  <nd ref="1174795950"/>
  <nd ref="1174795934"/>
  <nd ref="1174795978"/>
  <nd ref="1174833054"/>
  <nd ref="1174796010"/>
  <nd ref="313865630"/>
  <nd ref="6173584954"/>
  <nd ref="1174832688"/>
  <nd ref="1174832660"/>
  <nd ref="8291571025"/>
  <nd ref="13104474845"/>
  <nd ref="4523292437"/>
  <nd ref="4523292436"/>
  <nd ref="4523292445"/>
  <nd ref="4523292444"/>
  <nd ref="4335676826"/>
  <nd ref="4335676825"/>
  <nd ref="4335676823"/>
  <nd ref="4335676824"/>
  <nd ref="4335676822"/>
  <nd ref="13104474804"/>
  <nd ref="313865608"/>
  <nd ref="13104474805"/>
  <nd ref="13104474806"/>
  <nd ref="1177160581"/>
  <nd ref="4523292453"/>
  <nd ref="1177161277"/>
  <nd ref="4335676821"/>
  <nd ref="4523292463"/>
  <nd ref="4523292462"/>
  <nd ref="4335676820"/>
  <nd ref="4335676819"/>
  <nd ref="4335676818"/>
  <nd ref="4335676817"/>
  <nd ref="1177161717"/>
  <nd ref="1177161108"/>
  <nd ref="4335676815"/>
  <nd ref="4335676813"/>
  <nd ref="4335676812"/>
  <nd ref="13104474802"/>
  <nd ref="4523292429"/>
  <nd ref="4523292428"/>
  <nd ref="2656274762"/>
  <nd ref="4335676811"/>
  <nd ref="8291516871"/>
  <nd ref="4335676810"/>
  <nd ref="4335676809"/>
  <nd ref="4335676808"/>
  <nd ref="4335676807"/>
  <nd ref="4335676806"/>
  <nd ref="4335676805"/>
  <nd ref="4335676804"/>
  <nd ref="4335676803"/>
  <nd ref="4335676802"/>
  <nd ref="4335676801"/>
  <nd ref="4335676800"/>
  <nd ref="4335676799"/>
  <nd ref="4335676798"/>
  <nd ref="4335676797"/>
  <nd ref="4335676796"/>
  <nd ref="245707326"/>
  <nd ref="4335676795"/>
  <nd ref="4335676794"/>
  <nd ref="4335676793"/>
  <nd ref="4335676792"/>
  <nd ref="4335676791"/>
  <nd ref="4335676790"/>
  <nd ref="4335676789"/>
  <nd ref="4335676788"/>
  <nd ref="4335676787"/>
  <nd ref="4335676786"/>
  <nd ref="4335676785"/>
  <nd ref="4335676784"/>
  <nd ref="4335676783"/>
  <nd ref="1074604596"/>
  <nd ref="4335676782"/>
  <nd ref="4335676781"/>
  <nd ref="4335676780"/>
  <nd ref="1074604689"/>
  <nd ref="4335676779"/>
  <nd ref="4335676778"/>
  <nd ref="4335676777"/>
  <nd ref="245707082"/>
  <nd ref="4335676776"/>
  <nd ref="4335676775"/>
  <nd ref="4335676774"/>
  <nd ref="4335676773"/>
  <nd ref="4335676772"/>
  <nd ref="4335676771"/>
  <nd ref="4335676770"/>
  <nd ref="4335676769"/>
  <nd ref="4335676768"/>
  <nd ref="4335676767"/>
  <nd ref="245706980"/>
  <nd ref="4335676766"/>
  <nd ref="4335676753"/>
  <nd ref="4335676754"/>
  <nd ref="1074604671"/>
  <nd ref="4335676757"/>
  <nd ref="4335676756"/>
  <nd ref="4335676755"/>
  <nd ref="4335676759"/>
  <nd ref="1074604593"/>
  <nd ref="1374140860"/>
  <nd ref="1376930519"/>
  <nd ref="245706912"/>
  <nd ref="4335676758"/>
  <nd ref="1378352295"/>
  <nd ref="1378352274"/>
  <nd ref="4335676765"/>
  <nd ref="1378352279"/>
  <nd ref="1378352275"/>
  <nd ref="1378352284"/>
  <nd ref="1378352291"/>
  <nd ref="1378352286"/>
  <nd ref="1378352314"/>
  <nd ref="4335676764"/>
  <nd ref="1378352253"/>
  <nd ref="4335676763"/>
  <nd ref="1378352277"/>
  <nd ref="1378352264"/>
  <nd ref="1378352311"/>
  <nd ref="1378352287"/>
  <nd ref="1378352280"/>
  <nd ref="1378352323"/>
  <nd ref="1378352328"/>
  <nd ref="1378352273"/>
  <nd ref="4335676760"/>
  <nd ref="4335676762"/>
  <nd ref="1378352269"/>
  <nd ref="4335676761"/>
  <nd ref="1378352283"/>
  <nd ref="1378352285"/>
  <nd ref="1378352327"/>
  <nd ref="1378352312"/>
  <nd ref="1378352281"/>
  <nd ref="1378352292"/>
  <nd ref="1378352266"/>
  <nd ref="1378352288"/>
  <nd ref="1378352322"/>
  <nd ref="1378352278"/>
  <nd ref="1378352297"/>
  <nd ref="1378352301"/>
  <nd ref="1378352303"/>
  <nd ref="245706884"/>
  <nd ref="1378352282"/>
  <nd ref="6186215073"/>
  <nd ref="6186215072"/>
  <nd ref="1378352268"/>
  <nd ref="1378352310"/>
  <nd ref="1378352265"/>
  <nd ref="1378352271"/>
  <nd ref="1378352313"/>
  <nd ref="1378352276"/>
  <nd ref="1378352308"/>
  <nd ref="1378352296"/>
  <nd ref="1378352309"/>
  <nd ref="1378352302"/>
  <nd ref="1378352315"/>
  <nd ref="1378352258"/>
  <nd ref="1378352289"/>
  <nd ref="1378352320"/>
  <nd ref="1378352257"/>
  <nd ref="1378362095"/>
  <nd ref="1378362179"/>
  <nd ref="1378362140"/>
  <nd ref="1378362052"/>
  <nd ref="1378362069"/>
  <nd ref="1378362097"/>
  <nd ref="1378362041"/>
  <nd ref="1378362226"/>
  <nd ref="1378362222"/>
  <nd ref="1378362258"/>
  <nd ref="1378362091"/>
  <nd ref="1378362261"/>
  <nd ref="1378362221"/>
  <nd ref="1378362094"/>
  <nd ref="1378362249"/>
  <nd ref="1378362033"/>
  <nd ref="1378362138"/>
  <nd ref="1378799061"/>
  <nd ref="1378799010"/>
  <nd ref="1378798979"/>
  <nd ref="1378799040"/>
  <nd ref="313865609"/>
  <nd ref="1379745067"/>
  <nd ref="1379745006"/>
  <nd ref="1379745143"/>
  <nd ref="1379745032"/>
  <nd ref="1379744991"/>
  <nd ref="1379745084"/>
  <nd ref="1379745091"/>
  <nd ref="1379745096"/>
  <nd ref="1380097070"/>
  <nd ref="313865401"/>
  <nd ref="1380097193"/>
  <nd ref="1380097015"/>
  <nd ref="1380097246"/>
  <nd ref="313865400"/>
  <nd ref="1380097201"/>
  <nd ref="1380097151"/>
  <nd ref="1380097021"/>
  <nd ref="1380097195"/>
  <nd ref="1380097212"/>
  <nd ref="1017919608"/>
  <nd ref="1380097225"/>
  <nd ref="1380097156"/>
  <nd ref="1380097078"/>
  <nd ref="1380097223"/>
  <nd ref="1380097140"/>
  <nd ref="6186215077"/>
  <nd ref="6186215076"/>
  <nd ref="4335676752"/>
  <nd ref="1382248474"/>
  <nd ref="1017919573"/>
  <nd ref="1382248454"/>
  <nd ref="4335676751"/>
  <nd ref="4335676750"/>
  <nd ref="1382248498"/>
  <nd ref="1382248462"/>
  <nd ref="1382248452"/>
  <nd ref="6186214272"/>
  <nd ref="6186214271"/>
  <nd ref="6186214270"/>
  <nd ref="6186214269"/>
  <nd ref="6186214268"/>
  <nd ref="6186214267"/>
  <nd ref="6186214277"/>
  <nd ref="6186214258"/>
  <nd ref="6186214257"/>
  <nd ref="6186214256"/>
  <nd ref="6186214255"/>
  <nd ref="6186214254"/>
  <nd ref="6186214266"/>
  <nd ref="313865392"/>
  <nd ref="6186214386"/>
  <nd ref="1382248531"/>
  <nd ref="4335676737"/>
  <nd ref="4335676736"/>
  <nd ref="1382248421"/>
  <nd ref="1382248410"/>
  <nd ref="1382248535"/>
  <nd ref="4335676735"/>
  <nd ref="1382248458"/>
  <nd ref="1382248468"/>
  <nd ref="1382248483"/>
  <nd ref="6186214233"/>
  <nd ref="4335676734"/>
  <nd ref="6186214240"/>
  <nd ref="4335676731"/>
  <nd ref="4335676732"/>
  <nd ref="4335676733"/>
  <nd ref="4335676730"/>
  <nd ref="4335676727"/>
  <nd ref="4335676728"/>
  <nd ref="4335676729"/>
  <nd ref="4335676726"/>
  <nd ref="4335676725"/>
  <nd ref="4335676724"/>
  <nd ref="4335676723"/>
  <nd ref="4335676722"/>
  <nd ref="4335676721"/>
  <nd ref="4335676719"/>
  <nd ref="4335676720"/>
  <nd ref="4335676718"/>
  <nd ref="4335676717"/>
  <nd ref="4335676716"/>
  <nd ref="4335676715"/>
  <nd ref="4335676714"/>
  <nd ref="4335676713"/>
  <nd ref="4335676712"/>
  <nd ref="4335676711"/>
  <nd ref="4335676710"/>
  <nd ref="4335676709"/>
  <nd ref="4335676705"/>
  <nd ref="4335676708"/>
  <nd ref="4335676707"/>
  <nd ref="4335676706"/>
  <nd ref="4335676704"/>
  <nd ref="4335676703"/>
  <nd ref="4335676696"/>
  <nd ref="4335676697"/>
  <nd ref="4335676698"/>
  <nd ref="4335676699"/>
  <nd ref="4335676702"/>
  <nd ref="4335676701"/>
  <nd ref="4335676700"/>
  <nd ref="4335676695"/>
  <nd ref="4335676694"/>
  <nd ref="4335676693"/>
  <nd ref="4335676692"/>
  <nd ref="4335676691"/>
  <nd ref="4335676690"/>
  <nd ref="4335676689"/>
  <nd ref="4335676688"/>
  <nd ref="4335676687"/>
  <nd ref="4335676686"/>
  <nd ref="4335676679"/>
  <nd ref="4335676680"/>
  <nd ref="4335676683"/>
  <nd ref="4335676685"/>
  <nd ref="4335676684"/>
  <nd ref="4335676682"/>
  <nd ref="4335676681"/>
  <nd ref="4335676672"/>
  <nd ref="4335676673"/>
  <nd ref="4335676674"/>
  <nd ref="4335676676"/>
  <nd ref="4335676677"/>
  <nd ref="4335676678"/>
  <nd ref="4335676675"/>
  <nd ref="245706992"/>
  <nd ref="4335676665"/>
  <nd ref="4335676666"/>
  <nd ref="4335676667"/>
  <nd ref="4335676668"/>
  <nd ref="4335676669"/>
  <nd ref="4335676671"/>
  <nd ref="4335676670"/>
  <nd ref="4335676662"/>
  <nd ref="4335676661"/>
  <nd ref="4335676660"/>
  <nd ref="4335676659"/>
  <nd ref="4335676658"/>
  <nd ref="4335676663"/>
  <nd ref="4335676664"/>
  <nd ref="4335676657"/>
  <nd ref="4335676656"/>
  <nd ref="4335676655"/>
  <nd ref="4335676654"/>
  <nd ref="4335676653"/>
  <nd ref="4335676652"/>
  <nd ref="4335676651"/>
  <nd ref="4335676650"/>
  <nd ref="4335676649"/>
  <nd ref="4335676648"/>
  <nd ref="4335676647"/>
  <nd ref="4335676646"/>
  <nd ref="4335676645"/>
  <nd ref="4335676644"/>
  <nd ref="4335676643"/>
  <nd ref="4335676642"/>
  <nd ref="4335676641"/>
  <nd ref="4335676640"/>
  <nd ref="4335676639"/>
  <nd ref="4335676638"/>
  <nd ref="4335676637"/>
  <nd ref="4335676636"/>
  <nd ref="4335676635"/>
  <nd ref="4335676634"/>
  <nd ref="245707105"/>
  <nd ref="4335676633"/>
  <nd ref="4335676632"/>
  <nd ref="4335676631"/>
  <nd ref="4335676630"/>
  <nd ref="4335676629"/>
  <nd ref="4335676628"/>
  <nd ref="4335676627"/>
  <nd ref="4335676626"/>
  <nd ref="4335676625"/>
  <nd ref="4335676624"/>
  <nd ref="4335676623"/>
  <nd ref="4335676622"/>
  <nd ref="4335676613"/>
  <nd ref="4335676619"/>
  <nd ref="4335676621"/>
  <nd ref="4335676620"/>
  <nd ref="4335676618"/>
  <nd ref="4335676617"/>
  <nd ref="4335676616"/>
  <nd ref="4335676615"/>
  <nd ref="4335676614"/>
  <nd ref="4335676607"/>
  <nd ref="4335676608"/>
  <nd ref="4335676609"/>
  <nd ref="4335676612"/>
  <nd ref="4335676611"/>
  <nd ref="4335676610"/>
  <nd ref="4335676606"/>
  <nd ref="4335676605"/>
  <nd ref="4335676604"/>
  <nd ref="4335676603"/>
  <nd ref="4335676593"/>
  <nd ref="4335676594"/>
  <nd ref="4335676595"/>
  <nd ref="4335676601"/>
  <nd ref="4335676602"/>
  <nd ref="4335676600"/>
  <nd ref="4335676599"/>
  <nd ref="4335676596"/>
  <nd ref="4335676598"/>
  <nd ref="4335676597"/>
  <nd ref="4335676592"/>
  <nd ref="4335676590"/>
  <nd ref="4335676591"/>
  <nd ref="4335675788"/>
  <nd ref="6186214208"/>
  <nd ref="4335676589"/>
  <nd ref="4335675787"/>
  <nd ref="4335675786"/>
  <nd ref="4335675785"/>
  <nd ref="4335675784"/>
  <nd ref="4335675783"/>
  <nd ref="4335675782"/>
  <nd ref="4335675781"/>
  <nd ref="4335675780"/>
  <nd ref="313865393"/>
  <nd ref="4271095854"/>
  <nd ref="4271095853"/>
  <nd ref="4271095855"/>
  <nd ref="4271095856"/>
  <nd ref="4271095857"/>
  <nd ref="4271095859"/>
  <nd ref="4271095858"/>
  <nd ref="4271095852"/>
  <nd ref="4271095851"/>
  <nd ref="4271095850"/>
  <nd ref="4271095849"/>
  <nd ref="4271095847"/>
  <nd ref="4271095848"/>
  <nd ref="4271095846"/>
  <nd ref="4271095844"/>
  <nd ref="4271095845"/>
  <nd ref="4271095843"/>
  <nd ref="4271095842"/>
  <nd ref="4271095841"/>
  <nd ref="4271095839"/>
  <nd ref="4271095840"/>
  <nd ref="4271095838"/>
  <nd ref="4271095837"/>
  <nd ref="4271095836"/>
  <nd ref="4271095835"/>
  <nd ref="4271095834"/>
  <nd ref="4271095833"/>
  <nd ref="4271095832"/>
  <nd ref="4271095831"/>
  <nd ref="4271095830"/>
  <nd ref="4271095825"/>
  <nd ref="4271095826"/>
  <nd ref="4271095827"/>
  <nd ref="4271095828"/>
  <nd ref="4271095829"/>
  <nd ref="4271095824"/>
  <nd ref="4271095823"/>
  <nd ref="4271095822"/>
  <nd ref="310997944"/>
  <nd ref="4271095820"/>
  <nd ref="4271095821"/>
  <nd ref="4271095819"/>
  <nd ref="4271095818"/>
  <nd ref="4271095817"/>
  <nd ref="4271095816"/>
  <nd ref="4271095815"/>
  <nd ref="4271095814"/>
  <nd ref="4271095813"/>
  <nd ref="4271095812"/>
  <nd ref="4284252633"/>
  <nd ref="4284252637"/>
  <nd ref="4284252638"/>
  <nd ref="4284252640"/>
  <nd ref="4284252639"/>
  <nd ref="4284252641"/>
  <nd ref="4284252636"/>
  <nd ref="4284252635"/>
  <nd ref="4284252634"/>
  <nd ref="4271095811"/>
  <nd ref="245707092"/>
  <nd ref="4271095810"/>
  <nd ref="4271095809"/>
  <nd ref="4271095808"/>
  <nd ref="245707067"/>
  <nd ref="4271095807"/>
  <nd ref="4271095806"/>
  <nd ref="4271095805"/>
  <nd ref="4271095864"/>
  <nd ref="4271095865"/>
  <nd ref="310997945"/>
  <nd ref="4271095866"/>
  <nd ref="4271095867"/>
  <nd ref="4271095868"/>
  <nd ref="4271095869"/>
  <nd ref="310997946"/>
  <nd ref="4271095870"/>
  <nd ref="4271095872"/>
  <nd ref="4271095871"/>
  <nd ref="240068034"/>
  <nd ref="240068029"/>
  <nd ref="6446007522"/>
  <nd ref="1420381574"/>
  <nd ref="310997942"/>
  <nd ref="6186214207"/>
  <nd ref="1182599390"/>
  <nd ref="11662135067"/>
  <nd ref="6186214205"/>
  <nd ref="6186214206"/>
  <nd ref="245707180"/>
  <nd ref="1182599391"/>
  <nd ref="245707214"/>
  <nd ref="1182599396"/>
  <nd ref="310997890"/>
  <nd ref="310997891"/>
  <nd ref="4007706407"/>
  <nd ref="4007706405"/>
  <nd ref="310997892"/>
  <nd ref="245707208"/>
  <nd ref="4007706356"/>
  <nd ref="4007706348"/>
  <nd ref="313865384"/>
  <nd ref="4007706324"/>
  <nd ref="4007706316"/>
  <nd ref="4007706314"/>
  <nd ref="4007706311"/>
  <nd ref="4007706308"/>
  <nd ref="4007706305"/>
  <nd ref="4007706306"/>
  <nd ref="4007706309"/>
  <nd ref="4007706301"/>
  <nd ref="7618405773"/>
  <nd ref="7618405775"/>
  <nd ref="7618405771"/>
  <nd ref="7618405772"/>
  <nd ref="7618405774"/>
  <nd ref="7618453638"/>
  <nd ref="7618453628"/>
  <nd ref="1499489040"/>
  <nd ref="7618453645"/>
  <nd ref="7618453644"/>
  <nd ref="7618453642"/>
  <nd ref="7618453627"/>
  <nd ref="7618453635"/>
  <nd ref="7618453643"/>
  <nd ref="7618453625"/>
  <nd ref="7618453637"/>
  <nd ref="7618453640"/>
  <nd ref="7618453636"/>
  <nd ref="7618453629"/>
  <nd ref="7618453641"/>
  <nd ref="7618453639"/>
  <nd ref="7618453626"/>
  <nd ref="7618358682"/>
  <nd ref="7618453630"/>
  <nd ref="7618358676"/>
  <nd ref="7618358681"/>
  <nd ref="7618358677"/>
  <nd ref="7618450485"/>
  <nd ref="7618358680"/>
  <nd ref="7618358684"/>
  <nd ref="7618358678"/>
  <nd ref="7618358679"/>
  <nd ref="7618358683"/>
  <nd ref="245707122"/>
  <nd ref="4358411174"/>
  <nd ref="4358411175"/>
  <nd ref="4358411176"/>
  <nd ref="4358411177"/>
  <nd ref="4358411178"/>
  <nd ref="4358411179"/>
  <nd ref="2357008534"/>
  <nd ref="4358411180"/>
  <nd ref="4358411181"/>
  <nd ref="2357008540"/>
  <nd ref="663942256"/>
  <nd ref="4358411182"/>
  <nd ref="4358411183"/>
  <nd ref="4358411184"/>
  <nd ref="4358411185"/>
  <nd ref="4358411186"/>
  <nd ref="4358411187"/>
  <nd ref="2347283891"/>
  <nd ref="4358411188"/>
  <nd ref="4358413489"/>
  <nd ref="313865385"/>
  <nd ref="4358413490"/>
  <nd ref="2347283890"/>
  <nd ref="4358413491"/>
  <nd ref="2347283893"/>
  <nd ref="4358413492"/>
  <nd ref="4358413493"/>
  <nd ref="313865386"/>
  <nd ref="4358413494"/>
  <nd ref="2342944509"/>
  <nd ref="4358413495"/>
  <nd ref="245707098"/>
  <nd ref="4358413496"/>
  <nd ref="4358413497"/>
  <nd ref="313865387"/>
  <nd ref="2347283892"/>
  <nd ref="313865388"/>
  <nd ref="313865389"/>
  <nd ref="663942431"/>
  <nd ref="2347262069"/>
  <nd ref="2347283894"/>
  <nd ref="313865390"/>
  <nd ref="313865399"/>
  <nd ref="4358413543"/>
  <nd ref="4358413544"/>
  <nd ref="4358413549"/>
  <nd ref="4358413548"/>
  <nd ref="4358413547"/>
  <nd ref="4358413546"/>
  <nd ref="4358413545"/>
  <nd ref="4358413536"/>
  <nd ref="4358413537"/>
  <nd ref="4358413538"/>
  <nd ref="4358413539"/>
  <nd ref="4358413540"/>
  <nd ref="4358413541"/>
  <nd ref="4358413542"/>
  <nd ref="245706990"/>
  <nd ref="4358413521"/>
  <nd ref="4358413522"/>
  <nd ref="4358413523"/>
  <nd ref="4358413524"/>
  <nd ref="4358413525"/>
  <nd ref="4358413526"/>
  <nd ref="4358413527"/>
  <nd ref="4358413529"/>
  <nd ref="4358413528"/>
  <nd ref="4358413530"/>
  <nd ref="4358413534"/>
  <nd ref="4358413531"/>
  <nd ref="4358413535"/>
  <nd ref="4358413532"/>
  <nd ref="4358413533"/>
  <nd ref="4358413516"/>
  <nd ref="4358413517"/>
  <nd ref="4358413518"/>
  <nd ref="4358413519"/>
  <nd ref="4358413520"/>
  <nd ref="4358413515"/>
  <nd ref="245706999"/>
  <nd ref="4358413514"/>
  <nd ref="4358413513"/>
  <nd ref="245707079"/>
  <nd ref="4358413512"/>
  <nd ref="4358413511"/>
  <nd ref="4358413510"/>
  <nd ref="4358413509"/>
  <nd ref="4358413508"/>
  <nd ref="4358413507"/>
  <nd ref="4358413505"/>
  <nd ref="4358413506"/>
  <nd ref="4358413502"/>
  <nd ref="4358413503"/>
  <nd ref="4358413504"/>
  <nd ref="1074604572"/>
  <nd ref="4358413500"/>
  <nd ref="4358413501"/>
  <nd ref="313865606"/>
  <nd ref="4358413498"/>
  <nd ref="663941533"/>
  <nd ref="4358413499"/>
  <nd ref="313865607"/>
  <nd ref="4676217553"/>
  <nd ref="4676248095"/>
  <nd ref="245707423"/>
  <nd ref="2143020315"/>
  <nd ref="2143020331"/>
  <nd ref="2143020322"/>
  <nd ref="664453788"/>
  <nd ref="664453789"/>
  <nd ref="664453790"/>
  <nd ref="313865625"/>
  <nd ref="4682743230"/>
  <nd ref="313865626"/>
  <nd ref="4682782960"/>
  <nd ref="245707752"/>
  <nd ref="4683070316"/>
  <nd ref="313865792"/>
  <nd ref="4682912817"/>
  <nd ref="8084742873"/>
  <nd ref="8084742872"/>
  <nd ref="8084742871"/>
  <nd ref="8084742870"/>
  <nd ref="8084742874"/>
  <nd ref="8084742869"/>
  <nd ref="8084742868"/>
  <nd ref="8084742867"/>
  <nd ref="8084742875"/>
  <nd ref="8084742876"/>
  <nd ref="8084742877"/>
  <nd ref="8084742878"/>
  <nd ref="8084742879"/>
  <nd ref="8084742880"/>
  <nd ref="8084742881"/>
  <nd ref="8084742882"/>
  <nd ref="8084742883"/>
  <nd ref="8084742884"/>
  <nd ref="8084742885"/>
  <nd ref="8084742889"/>
  <nd ref="8084742890"/>
  <nd ref="8084742891"/>
  <nd ref="8084742892"/>
  <nd ref="313865793"/>
  <nd ref="8084742893"/>
  <nd ref="8084742894"/>
  <nd ref="8084742895"/>
  <nd ref="8084742896"/>
  <nd ref="8084742886"/>
  <nd ref="4685064668"/>
  <nd ref="8084742897"/>
  <nd ref="8084742898"/>
  <nd ref="8084742899"/>
  <nd ref="8084671084"/>
  <nd ref="8084671083"/>
  <nd ref="8084671082"/>
  <nd ref="8084671081"/>
  <nd ref="8084671080"/>
  <nd ref="8084671079"/>
  <nd ref="8084671078"/>
  <nd ref="8084671077"/>
  <nd ref="8084671076"/>
  <nd ref="8084671075"/>
  <nd ref="8084671074"/>
  <nd ref="8084671073"/>
  <nd ref="8084671072"/>
  <nd ref="8084671071"/>
  <nd ref="8084671070"/>
  <nd ref="8084671069"/>
  <nd ref="8084671053"/>
  <nd ref="8084671068"/>
  <nd ref="8084671067"/>
  <nd ref="245708275"/>
  <nd ref="8084671066"/>
  <nd ref="8084671065"/>
  <nd ref="8084671064"/>
  <nd ref="8084671063"/>
  <nd ref="8084671057"/>
  <nd ref="8084671058"/>
  <nd ref="8084671059"/>
  <nd ref="8084671060"/>
  <nd ref="7781144026"/>
  <nd ref="8084671061"/>
  <nd ref="7781144027"/>
  <nd ref="8084671062"/>
  <nd ref="7781144028"/>
  <nd ref="7781144029"/>
  <nd ref="7781143993"/>
  <nd ref="7781133681"/>
  <nd ref="7781144030"/>
  <nd ref="245708311"/>
  <nd ref="7781144031"/>
  <nd ref="7781144032"/>
  <nd ref="7781144035"/>
  <nd ref="7781144036"/>
  <nd ref="7781144037"/>
  <nd ref="7781133674"/>
  <nd ref="7781144038"/>
  <nd ref="7781144033"/>
  <nd ref="7781144034"/>
  <nd ref="7781144039"/>
  <nd ref="4523292406"/>
  <nd ref="4523292407"/>
  <nd ref="7781144040"/>
  <nd ref="7781133671"/>
  <nd ref="313865795"/>
  <nd ref="4523292411"/>
  <nd ref="7781144024"/>
  <tag k="source" v="AND + yahoo sat"/>
 </way>
 <way id="1463404357" visible="true" version="1" changeset="176697098" timestamp="2026-01-01T10:01:19Z" user="Sbb1413" uid="10103187">
  <nd ref="7781144024"/>
  <nd ref="4523292412"/>
  <nd ref="7781133661"/>
  <nd ref="7781133668"/>
  <nd ref="7781144041"/>
  <nd ref="7781144042"/>
  <nd ref="3617791530"/>
  <nd ref="3617791529"/>
  <nd ref="3617791533"/>
  <nd ref="3617791534"/>
  <nd ref="13423370939"/>
  <nd ref="13423370940"/>
  <nd ref="13423370941"/>
  <tag k="source" v="AND + yahoo sat"/>
 </way>
 <relation id="18133767" visible="true" version="3" changeset="176697098" timestamp="2026-01-01T10:01:19Z" user="Sbb1413" uid="10103187">
  <member type="way" ref="28573377" role="outer"/>
  <member type="way" ref="1463404357" role="outer"/>
  <tag k="addr:city" v="Kolkata"/>
  <tag k="alt_name" v="Ougly"/>
  <tag k="alt_name:fr" v="Ougly"/>
  <tag k="AND_a_w" v="10000549"/>
  <tag k="loc_name" v="Hûghlî"/>
  <tag k="loc_name:fr" v="Hûghlî"/>
  <tag k="name" v="Hooghly"/>
  <tag k="name:fr" v="Hooghly"/>
  <tag k="natural" v="water"/>
  <tag k="reg_name" v="Hughli"/>
  <tag k="reg_name:fr" v="Hughli"/>
  <tag k="type" v="multipolygon"/>
  <tag k="water" v="river"/>
 </relation>
</osm>
